Commands,Model Parameters,,,,,,,Reflectivity Data from Air,,,Model,Tiles,,,,,Profile,,,Incoherent Sum,,,ctrl-s,χ2,,,,,,,,,,
ctrl-l : Load,Compound,Nb (Å-2),μlabs/l [Å-2],μlinc [Å-1],d (Å),σfwhm (Å),ωdPS,Q (Å-1),R,dR,Rmodel,nrough,Nb (Å-2),mlabs/l [Å-2],mlinc [Å-1],d (Å),z (Å),Nb (Å-2),,R(1 – δd/d),R(1 ),R(1 + δd/d),Sum,104.6,,,,,,,,,,
ctrl-r : Calc Refl,air,0.00E+00,0.00,0.00,100.0,,,8.792E-03,9.498E-01,1.514E-02,1.00E+00,21,0.00E+00,0.00E+00,0.00E+00,100.00,-10.00,0.00E+00,,1.00E+00,1.00E+00,1.00E+00,1.00E+00,11.0,,,,,,,,,,
ctrl-q : Toggle RQ4,dPS_1,4.43E-06,0.00E+00,0.00E+00,40.0,34.5,0.70,8.968E-03,1.020E+00,1.540E-02,1.00E+00,,1.73E-08,0.00E+00,0.00E+00,11.88,100.00,0.00E+00,,1.00E+00,1.00E+00,1.00E+00,1.00E+00,1.7,,,,,,,,,,
,PEO_2,1.53E-06,0.00E+00,0.00E+00,83.9,32.5,0.17,9.147E-03,1.012E+00,1.428E-02,1.00E+00,,1.43E-07,0.00E+00,0.00E+00,8.84,100.00,1.73E-08,,1.00E+00,1.00E+00,1.00E+00,1.00E+00,0.7,,,,,,,,,,
,dPS_3,5.30E-06,0.00E+00,0.00E+00,83.9,32.5,0.86,9.330E-03,1.009E+00,1.340E-02,1.00E+00,,3.24E-07,0.00E+00,0.00E+00,4.92,111.88,1.73E-08,,1.00E+00,1.00E+00,1.00E+00,1.00E+00,0.5,,,,,,,,,,
RQ4,PEO_4,1.80E-06,0.00E+00,0.00E+00,83.9,32.5,0.22,9.517E-03,1.006E+00,1.285E-02,1.00E+00,,5.29E-07,0.00E+00,0.00E+00,3.61,111.88,1.43E-07,,1.00E+00,1.00E+00,1.00E+00,1.00E+00,0.3,,,,,,,,,,
FALSE,dPS_5,4.81E-06,0.00E+00,0.00E+00,83.9,32.5,0.77,9.707E-03,9.989E-01,1.199E-02,1.00E+00,,7.46E-07,0.00E+00,0.00E+00,2.93,120.72,1.43E-07,,1.00E+00,1.00E+00,1.00E+00,1.00E+00,0.0,,,,,,,,,,
χ2,PEO_6,1.86E-06,0.00E+00,0.00E+00,83.9,32.5,0.23,9.901E-03,9.813E-01,1.120E-02,1.00E+00,,9.68E-07,0.00E+00,0.00E+00,2.53,120.72,3.24E-07,,1.00E+00,1.00E+00,1.00E+00,1.00E+00,2.8,,,,,,,,,,
189.4,dPS_7,5.51E-06,0.00E+00,0.00E+00,83.9,32.5,0.90,1.010E-02,1.006E+00,1.090E-02,9.99E-01,,1.19E-06,0.00E+00,0.00E+00,2.28,125.64,3.24E-07,,9.99E-01,9.99E-01,9.99E-01,9.99E-01,0.4,,,,,,,,,,
,PEO_8,1.15E-06,0.00E+00,0.00E+00,83.9,32.5,0.10,1.030E-02,9.949E-01,1.027E-02,9.96E-01,,1.42E-06,0.00E+00,0.00E+00,2.11,125.64,5.29E-07,,9.95E-01,9.96E-01,9.96E-01,9.96E-01,0.0,,,,,,,,,,
dQ0 (Å-1),dPS_9,4.88E-06,0.00E+00,0.00E+00,83.9,32.5,0.78,1.051E-02,9.856E-01,9.760E-03,9.91E-01,,1.65E-06,0.00E+00,0.00E+00,1.99,129.24,5.29E-07,,9.90E-01,9.91E-01,9.92E-01,9.91E-01,0.3,,,,,,,,,,
0.0001,PEO_10,1.04E-06,0.00E+00,0.00E+00,45.0,32.5,0.08,1.072E-02,1.030E+00,9.600E-03,9.86E-01,,1.87E-06,0.00E+00,0.00E+00,1.93,129.24,7.46E-07,,9.84E-01,9.86E-01,9.88E-01,9.86E-01,20.7,,,,,,,,,,
dQ1/Q,SiOx,3.30E-06,1.08E-12,9.87E-10,20.0,5.0,,1.093E-02,9.723E-01,8.669E-03,9.81E-01,,2.10E-06,0.00E+00,0.00E+00,1.89,132.18,7.46E-07,,9.78E-01,9.81E-01,9.83E-01,9.81E-01,0.9,,,,,,,,,,
0.023,Si (Substrate),2.07E-06,4.75E-11,2.00E-12,100.0,5.0,,1.115E-02,9.432E-01,8.221E-03,9.74E-01,,2.26E-06,0.00E+00,0.00E+00,0.91,132.18,9.68E-07,,9.70E-01,9.74E-01,9.77E-01,9.74E-01,13.7,,,,,,,,,,
λ (Å),,,,,,,,1.137E-02,9.489E-01,7.841E-03,9.65E-01,,2.42E-06,0.00E+00,0.00E+00,1.82,134.71,9.68E-07,,9.60E-01,9.65E-01,9.69E-01,9.65E-01,4.1,,,,,,,,,,
4.25,,,,,,,,1.160E-02,9.312E-01,7.457E-03,9.54E-01,,2.64E-06,0.00E+00,0.00E+00,1.82,134.71,1.19E-06,,9.48E-01,9.54E-01,9.59E-01,9.53E-01,8.9,,,,,,,,,,
,,,,,,,,1.183E-02,9.089E-01,7.011E-03,9.39E-01,,2.84E-06,0.00E+00,0.00E+00,1.82,136.99,1.19E-06,,9.32E-01,9.39E-01,9.45E-01,9.39E-01,17.8,,,,,,,,,,
,,,,,,,,1.207E-02,8.799E-01,6.613E-03,9.19E-01,,3.03E-06,0.00E+00,0.00E+00,1.82,136.99,1.42E-06,,9.11E-01,9.19E-01,9.26E-01,9.19E-01,34.8,,,,,,,,,,
,Total for MB,2.476E-03,Å-1,,,,,1.231E-02,8.705E-01,6.357E-03,8.93E-01,,3.21E-06,0.00E+00,0.00E+00,1.82,139.09,1.42E-06,,8.84E-01,8.93E-01,9.01E-01,8.93E-01,12.5,,,,,,,,,,
,total thickness,756.2,,,,,,1.256E-02,7.991E-01,5.761E-03,8.59E-01,,3.37E-06,0.00E+00,0.00E+00,1.82,139.09,1.65E-06,,8.49E-01,8.59E-01,8.68E-01,8.59E-01,106.5,,,,,,,,,,
,,,,,,,,1.281E-02,7.855E-01,5.576E-03,8.13E-01,,3.51E-06,0.00E+00,0.00E+00,1.82,141.09,1.65E-06,,8.03E-01,8.13E-01,8.22E-01,8.13E-01,24.5,,,,,,,,,,
,,,,,,,,1.306E-02,7.188E-01,5.138E-03,7.54E-01,,3.62E-06,0.00E+00,0.00E+00,1.82,141.09,1.87E-06,,7.45E-01,7.54E-01,7.62E-01,7.54E-01,46.7,,,,,,,,,,
,,,,,,,dbilayer (Å),1.333E-02,6.433E-01,4.679E-03,6.79E-01,,3.72E-06,0.00E+00,0.00E+00,1.82,143.01,1.87E-06,,6.72E-01,6.79E-01,6.85E-01,6.78E-01,56.4,,,,,,,,,,
,,,,,,,83.9,1.359E-02,5.546E-01,4.190E-03,5.86E-01,,3.79E-06,0.00E+00,0.00E+00,1.82,143.01,2.10E-06,,5.84E-01,5.86E-01,5.88E-01,5.86E-01,55.8,,,,,,,,,,
,,NbdPS (Å-2),,,,,δd/d,1.386E-02,4.504E-01,3.642E-03,4.79E-01,,3.83E-06,0.00E+00,0.00E+00,1.82,144.91,2.10E-06,,4.82E-01,4.79E-01,4.75E-01,4.79E-01,60.8,,,,,,,,,,
,,6.07E-06,,,,,0.040,1.414E-02,3.409E-01,3.046E-03,3.65E-01,,3.85E-06,0.00E+00,0.00E+00,1.82,144.91,2.26E-06,,3.74E-01,3.65E-01,3.54E-01,3.64E-01,59.7,,,,,,,,,,
,,NbPEO (Å-2),,,,,Smear Factor,1.442E-02,2.425E-01,2.505E-03,2.54E-01,,3.85E-06,0.00E+00,0.00E+00,1.82,145.81,2.26E-06,,2.69E-01,2.54E-01,2.39E-01,2.54E-01,21.6,,,,,,,,,,
,,6.00E-07,,,,,1.000,1.471E-02,1.616E-01,1.968E-03,1.60E-01,,3.82E-06,0.00E+00,0.00E+00,1.82,145.81,2.42E-06,,1.76E-01,1.60E-01,1.44E-01,1.60E-01,0.6,,,,,,,,,,
,,,,,,,,1.501E-02,9.774E-02,1.488E-03,9.04E-02,,3.77E-06,0.00E+00,0.00E+00,1.82,147.63,2.42E-06,,1.05E-01,9.04E-02,7.71E-02,9.07E-02,22.6,,,,,,,,,,
,,,,,,,,1.531E-02,5.387E-02,1.106E-03,4.71E-02,,3.70E-06,0.00E+00,0.00E+00,1.82,147.63,2.64E-06,,5.70E-02,4.71E-02,3.92E-02,4.76E-02,32.6,,,,,,,,,,
,,,,,,,,1.561E-02,3.282E-02,7.987E-04,2.61E-02,,3.61E-06,0.00E+00,0.00E+00,1.82,149.45,2.64E-06,,3.06E-02,2.61E-02,2.39E-02,2.67E-02,59.2,,,,,,,,,,
,,,,,,,,1.593E-02,2.496E-02,6.855E-04,2.06E-02,,3.51E-06,0.00E+00,0.00E+00,1.82,149.45,2.84E-06,,2.02E-02,2.06E-02,2.30E-02,2.11E-02,31.5,,,,,,,,,,
,,,,,,,,1.624E-02,2.446E-02,6.564E-04,2.38E-02,,3.38E-06,0.00E+00,0.00E+00,1.82,151.27,2.84E-06,,1.99E-02,2.38E-02,2.90E-02,2.41E-02,0.3,,,,,,,,,,
,,,,,,,,1.657E-02,3.012E-02,7.412E-04,3.02E-02,,3.25E-06,0.00E+00,0.00E+00,1.82,151.27,3.03E-06,,2.45E-02,3.02E-02,3.65E-02,3.04E-02,0.1,,,,,,,,,,
,,,,,,,,1.690E-02,3.382E-02,7.270E-04,3.65E-02,,3.11E-06,0.00E+00,0.00E+00,1.82,153.09,3.03E-06,,3.05E-02,3.65E-02,4.25E-02,3.65E-02,13.6,,,,,,,,,,
,,,,,,,,1.724E-02,3.709E-02,7.412E-04,4.08E-02,,3.00E-06,0.00E+00,0.00E+00,0.91,153.09,3.21E-06,,3.55E-02,4.08E-02,4.56E-02,4.07E-02,23.6,,,,,,,,,,
,,,,,,,,1.758E-02,3.930E-02,7.669E-04,4.24E-02,,2.89E-06,0.00E+00,0.00E+00,1.91,154.91,3.21E-06,,3.84E-02,4.24E-02,4.55E-02,4.22E-02,14.1,,,,,,,,,,
,,,,,,,,1.794E-02,3.804E-02,7.375E-04,4.12E-02,,2.66E-06,0.00E+00,0.00E+00,3.81,154.91,3.37E-06,,3.89E-02,4.12E-02,4.24E-02,4.10E-02,15.7,,,,,,,,,,
,,,,,,,,1.829E-02,3.498E-02,6.948E-04,3.78E-02,,2.37E-06,0.00E+00,0.00E+00,3.81,156.72,3.37E-06,,3.71E-02,3.78E-02,3.72E-02,3.75E-02,12.7,,,,,,,,,,
,,,,,,,,1.866E-02,3.091E-02,6.394E-04,3.26E-02,,2.12E-06,0.00E+00,0.00E+00,3.81,156.72,3.51E-06,,3.35E-02,3.26E-02,3.08E-02,3.24E-02,5.3,,,,,,,,,,
,,,,,,,,1.903E-02,2.498E-02,5.663E-04,2.67E-02,,1.92E-06,0.00E+00,0.00E+00,3.81,158.54,3.51E-06,,2.86E-02,2.67E-02,2.40E-02,2.65E-02,7.1,,,,,,,,,,
,,,,,,,,1.941E-02,2.001E-02,5.003E-04,2.06E-02,,1.77E-06,0.00E+00,0.00E+00,3.81,158.54,3.62E-06,,2.32E-02,2.06E-02,1.77E-02,2.05E-02,1.1,,,,,,,,,,
,,,,,,,,1.980E-02,1.586E-02,4.434E-04,1.52E-02,,1.67E-06,0.00E+00,0.00E+00,3.81,160.36,3.62E-06,,1.79E-02,1.52E-02,1.25E-02,1.52E-02,2.4,,,,,,,,,,
,,,,,,,,2.020E-02,1.224E-02,4.046E-04,1.07E-02,,1.61E-06,0.00E+00,0.00E+00,3.81,160.36,3.72E-06,,1.32E-02,1.07E-02,8.77E-03,1.09E-02,11.7,,,,,,,,,,
,,,,,,,,2.060E-02,9.108E-03,3.501E-04,7.62E-03,,1.57E-06,0.00E+00,0.00E+00,3.81,162.18,3.72E-06,,9.40E-03,7.62E-03,6.59E-03,7.81E-03,13.7,,,,,,,,,,
,,,,,,,,2.101E-02,7.856E-03,3.131E-04,5.85E-03,,1.55E-06,0.00E+00,0.00E+00,3.81,162.18,3.79E-06,,6.76E-03,5.85E-03,5.83E-03,6.07E-03,32.5,,,,,,,,,,
,,,,,,,,2.143E-02,6.740E-03,2.805E-04,5.26E-03,,1.54E-06,0.00E+00,0.00E+00,3.81,164.00,3.79E-06,,5.26E-03,5.26E-03,6.15E-03,5.48E-03,20.2,,,,,,,,,,
,,,,,,,,2.186E-02,7.445E-03,2.910E-04,5.55E-03,,1.54E-06,0.00E+00,0.00E+00,3.81,164.00,3.83E-06,,4.75E-03,5.55E-03,7.12E-03,5.74E-03,34.2,,,,,,,,,,
,,,,,,,,2.230E-02,6.783E-03,2.697E-04,6.38E-03,,1.54E-06,0.00E+00,0.00E+00,3.81,165.81,3.83E-06,,4.98E-03,6.38E-03,8.33E-03,6.52E-03,1.0,,,,,,,,,,
,,,,,,,,2.275E-02,7.484E-03,2.810E-04,7.37E-03,,1.55E-06,0.00E+00,0.00E+00,3.81,165.81,3.85E-06,,5.64E-03,7.37E-03,9.39E-03,7.44E-03,0.0,,,,,,,,,,
,,,,,,,,2.320E-02,7.923E-03,2.871E-04,8.28E-03,,1.58E-06,0.00E+00,0.00E+00,3.81,167.63,3.85E-06,,6.53E-03,8.28E-03,1.01E-02,8.29E-03,1.6,,,,,,,,,,
,,,,,,,,2.366E-02,8.563E-03,2.369E-04,8.73E-03,,1.63E-06,0.00E+00,0.00E+00,3.81,167.63,3.85E-06,,7.15E-03,8.73E-03,1.01E-02,8.69E-03,0.3,,,,,,,,,,
,,,,,,,,2.366E-02,7.255E-03,2.700E-04,8.73E-03,,1.71E-06,0.00E+00,0.00E+00,3.81,169.45,3.85E-06,,7.15E-03,8.73E-03,1.01E-02,8.69E-03,28.1,,,,,,,,,,
,,,,,,,,2.414E-02,8.795E-03,2.283E-04,8.71E-03,,1.85E-06,0.00E+00,0.00E+00,3.81,169.45,3.82E-06,,7.45E-03,8.71E-03,9.70E-03,8.64E-03,0.5,,,,,,,,,,
,,,,,,,,2.414E-02,7.595E-03,2.703E-04,8.71E-03,,2.04E-06,0.00E+00,0.00E+00,3.81,171.27,3.82E-06,,7.45E-03,8.71E-03,9.70E-03,8.64E-03,15.0,,,,,,,,,,
,,,,,,,,2.462E-02,6.798E-03,2.533E-04,8.28E-03,,2.30E-06,0.00E+00,0.00E+00,3.81,171.27,3.77E-06,,7.41E-03,8.28E-03,8.84E-03,8.20E-03,30.7,,,,,,,,,,
,,,,,,,,2.462E-02,8.413E-03,2.145E-04,8.28E-03,,2.63E-06,0.00E+00,0.00E+00,3.81,173.09,3.77E-06,,7.41E-03,8.28E-03,8.84E-03,8.20E-03,1.0,,,,,,,,,,
,,,,,,,,2.511E-02,6.471E-03,2.417E-04,7.50E-03,,3.01E-06,0.00E+00,0.00E+00,3.81,173.09,3.70E-06,,7.00E-03,7.50E-03,7.75E-03,7.44E-03,15.9,,,,,,,,,,
,,,,,,,,2.511E-02,7.103E-03,1.843E-04,7.50E-03,,3.31E-06,0.00E+00,0.00E+00,1.91,174.91,3.70E-06,,7.00E-03,7.50E-03,7.75E-03,7.44E-03,3.2,,,,,,,,,,
,,,,,,,,2.562E-02,6.484E-03,2.380E-04,6.54E-03,,3.52E-06,0.00E+00,0.00E+00,1.91,174.91,3.61E-06,,6.30E-03,6.54E-03,6.64E-03,6.50E-03,0.0,,,,,,,,,,
,,,,,,,,2.562E-02,6.339E-03,1.693E-04,6.54E-03,,3.83E-06,0.00E+00,0.00E+00,3.81,176.72,3.61E-06,,6.30E-03,6.54E-03,6.64E-03,6.50E-03,0.9,,,,,,,,,,
,,,,,,,,2.613E-02,5.851E-03,1.545E-04,5.59E-03,,4.21E-06,0.00E+00,0.00E+00,3.81,176.72,3.51E-06,,5.46E-03,5.59E-03,5.70E-03,5.59E-03,2.9,,,,,,,,,,
,,,,,,,,2.613E-02,5.921E-03,2.287E-04,5.59E-03,,4.54E-06,0.00E+00,0.00E+00,3.81,178.54,3.51E-06,,5.46E-03,5.59E-03,5.70E-03,5.59E-03,2.2,,,,,,,,,,
,,,,,,,,2.665E-02,5.625E-03,1.447E-04,4.81E-03,,4.80E-06,0.00E+00,0.00E+00,3.81,178.54,3.38E-06,,4.64E-03,4.81E-03,5.07E-03,4.83E-03,29.9,,,,,,,,,,
,,,,,,,,2.665E-02,5.741E-03,2.218E-04,4.81E-03,,4.99E-06,0.00E+00,0.00E+00,3.81,180.36,3.38E-06,,4.64E-03,4.81E-03,5.07E-03,4.83E-03,16.7,,,,,,,,,,
,,,,,,,,2.718E-02,6.365E-03,2.328E-04,4.32E-03,,5.12E-06,0.00E+00,0.00E+00,3.81,180.36,3.25E-06,,3.98E-03,4.32E-03,4.77E-03,4.35E-03,75.2,,,,,,,,,,
,,,,,,,,2.718E-02,6.059E-03,1.454E-04,4.32E-03,,5.20E-06,0.00E+00,0.00E+00,3.81,182.18,3.25E-06,,3.98E-03,4.32E-03,4.77E-03,4.35E-03,138.5,,,,,,,,,,
,,,,,,,,2.773E-02,6.831E-03,2.374E-04,4.12E-03,,5.25E-06,0.00E+00,0.00E+00,3.81,182.18,3.11E-06,,3.59E-03,4.12E-03,4.73E-03,4.14E-03,128.3,,,,,,,,,,
,,,,,,,,2.773E-02,6.635E-03,1.441E-04,4.12E-03,,5.28E-06,0.00E+00,0.00E+00,3.81,184.00,3.11E-06,,3.59E-03,4.12E-03,4.73E-03,4.14E-03,299.0,,,,,,,,,,
,,,,,,,,2.828E-02,8.120E-03,2.650E-04,4.17E-03,,5.29E-06,0.00E+00,0.00E+00,3.81,184.00,3.00E-06,,3.48E-03,4.17E-03,4.82E-03,4.16E-03,223.2,,,,,,,,,,
,,,,,,,,2.828E-02,7.054E-03,1.426E-04,4.17E-03,,5.30E-06,0.00E+00,0.00E+00,3.81,184.91,3.00E-06,,3.48E-03,4.17E-03,4.82E-03,4.16E-03,411.4,,,,,,,,,,
,,,,,,,,2.885E-02,7.734E-03,1.419E-04,4.34E-03,,5.29E-06,0.00E+00,0.00E+00,3.81,184.91,2.89E-06,,3.59E-03,4.34E-03,4.87E-03,4.29E-03,590.2,,,,,,,,,,
,,,,,,,,2.885E-02,7.596E-03,2.627E-04,4.34E-03,,5.28E-06,0.00E+00,0.00E+00,3.81,186.81,2.89E-06,,3.59E-03,4.34E-03,4.87E-03,4.29E-03,158.8,,,,,,,,,,
,,,,,,,,2.942E-02,8.411E-03,2.678E-04,4.46E-03,,5.26E-06,0.00E+00,0.00E+00,3.81,186.81,2.66E-06,,3.82E-03,4.46E-03,4.76E-03,4.38E-03,226.8,,,,,,,,,,
,,,,,,,,2.942E-02,8.197E-03,1.419E-04,4.46E-03,,5.21E-06,0.00E+00,0.00E+00,3.81,190.63,2.66E-06,,3.82E-03,4.46E-03,4.76E-03,4.38E-03,724.9,,,,,,,,,,
,,,,,,,,3.001E-02,8.097E-03,1.345E-04,4.42E-03,,5.13E-06,0.00E+00,0.00E+00,3.81,190.63,2.37E-06,,4.02E-03,4.42E-03,4.44E-03,4.32E-03,786.2,,,,,,,,,,
,,,,,,,,3.001E-02,7.815E-03,2.640E-04,4.42E-03,,5.01E-06,0.00E+00,0.00E+00,3.81,194.44,2.37E-06,,4.02E-03,4.42E-03,4.44E-03,4.32E-03,174.8,,,,,,,,,,
,,,,,,,,3.061E-02,8.141E-03,1.314E-04,4.18E-03,,4.83E-06,0.00E+00,0.00E+00,3.81,194.44,2.12E-06,,4.07E-03,4.18E-03,4.07E-03,4.12E-03,935.2,,,,,,,,,,
,,,,,,,,3.061E-02,8.173E-03,2.607E-04,4.18E-03,,4.59E-06,0.00E+00,0.00E+00,3.81,198.25,2.12E-06,,4.07E-03,4.18E-03,4.07E-03,4.12E-03,241.2,,,,,,,,,,
,,,,,,,,3.123E-02,7.021E-03,1.164E-04,3.78E-03,,4.29E-06,0.00E+00,0.00E+00,3.81,198.25,1.92E-06,,3.89E-03,3.78E-03,3.87E-03,3.83E-03,752.2,,,,,,,,,,
,,,,,,,,3.185E-02,6.159E-03,1.053E-04,3.36E-03,,3.93E-06,0.00E+00,0.00E+00,3.81,202.07,1.92E-06,,3.46E-03,3.36E-03,4.26E-03,3.61E-03,584.8,,,,,,,,,,
,,,,,,,,3.249E-02,6.028E-03,1.003E-04,3.43E-03,,3.65E-06,0.00E+00,0.00E+00,1.91,202.07,1.77E-06,,3.01E-03,3.43E-03,5.79E-03,3.92E-03,442.9,,,,,,,,,,
,,,,,,,,3.314E-02,6.761E-03,1.022E-04,4.38E-03,,3.46E-06,0.00E+00,0.00E+00,1.91,205.88,1.77E-06,,2.81E-03,4.38E-03,8.90E-03,5.12E-03,258.9,,,,,,,,,,
,,,,,,,,3.380E-02,8.698E-03,1.115E-04,6.64E-03,,3.17E-06,0.00E+00,0.00E+00,3.81,205.88,1.67E-06,,3.24E-03,6.64E-03,1.39E-02,7.61E-03,95.9,,,,,,,,,,
,,,,,,,,3.448E-02,1.272E-02,1.301E-04,1.06E-02,,2.82E-06,0.00E+00,0.00E+00,3.81,209.69,1.67E-06,,4.72E-03,1.06E-02,2.08E-02,1.17E-02,66.7,,,,,,,,,,
,,,,,,,,3.516E-02,1.825E-02,1.506E-04,1.62E-02,,2.52E-06,0.00E+00,0.00E+00,3.81,209.69,1.61E-06,,7.60E-03,1.62E-02,2.92E-02,1.73E-02,39.2,,,,,,,,,,
,,,,,,,,3.587E-02,2.569E-02,1.728E-04,2.34E-02,,2.27E-06,0.00E+00,0.00E+00,3.81,213.51,1.61E-06,,1.21E-02,2.34E-02,3.84E-02,2.43E-02,63.0,,,,,,,,,,
,,,,,,,,3.659E-02,3.353E-02,1.907E-04,3.16E-02,,2.10E-06,0.00E+00,0.00E+00,3.81,213.51,1.57E-06,,1.80E-02,3.16E-02,4.74E-02,3.21E-02,53.9,,,,,,,,,,
,,,,,,,,3.732E-02,4.204E-02,2.080E-04,3.99E-02,,1.97E-06,0.00E+00,0.00E+00,3.81,217.32,1.57E-06,,2.50E-02,3.99E-02,5.50E-02,3.99E-02,103.2,,,,,,,,,,
,,,,,,,,3.806E-02,4.928E-02,2.199E-04,4.73E-02,,1.90E-06,0.00E+00,0.00E+00,3.81,217.32,1.55E-06,,3.25E-02,4.73E-02,6.01E-02,4.68E-02,129.7,,,,,,,,,,
,,,,,,,,3.882E-02,5.429E-02,2.238E-04,5.27E-02,,1.85E-06,0.00E+00,0.00E+00,3.81,221.13,1.55E-06,,3.95E-02,5.27E-02,6.19E-02,5.17E-02,131.4,,,,,,,,,,
,,,,,,,,3.960E-02,5.499E-02,2.165E-04,5.54E-02,,1.83E-06,0.00E+00,0.00E+00,3.81,221.13,1.54E-06,,4.52E-02,5.54E-02,6.00E-02,5.40E-02,20.5,,,,,,,,,,
,,,,,,,,4.039E-02,5.453E-02,2.102E-04,5.48E-02,,1.81E-06,0.00E+00,0.00E+00,3.81,224.95,1.54E-06,,4.86E-02,5.48E-02,5.44E-02,5.32E-02,42.7,,,,,,,,,,
,,,,,,,,4.120E-02,4.927E-02,1.992E-04,5.08E-02,,1.81E-06,0.00E+00,0.00E+00,3.81,224.95,1.54E-06,,4.93E-02,5.08E-02,4.56E-02,4.91E-02,0.6,,,,,,,,,,
,,,,,,,,4.203E-02,4.220E-02,1.750E-04,4.37E-02,,1.81E-06,0.00E+00,0.00E+00,3.81,228.76,1.54E-06,,4.68E-02,4.37E-02,3.50E-02,4.23E-02,0.4,,,,,,,,,,
,,,,,,,,4.287E-02,3.391E-02,1.510E-04,3.46E-02,,1.82E-06,0.00E+00,0.00E+00,3.81,228.76,1.54E-06,,4.14E-02,3.46E-02,2.39E-02,3.36E-02,3.7,,,,,,,,,,
,,,,,,,,4.372E-02,2.501E-02,1.269E-04,2.46E-02,,1.84E-06,0.00E+00,0.00E+00,3.81,232.57,1.54E-06,,3.39E-02,2.46E-02,1.39E-02,2.42E-02,38.4,,,,,,,,,,
,,,,,,,,4.460E-02,1.697E-02,1.057E-04,1.52E-02,,1.88E-06,0.00E+00,0.00E+00,3.81,232.57,1.55E-06,,2.51E-02,1.52E-02,6.38E-03,1.54E-02,210.1,,,,,,,,,,
,,,,,,,,4.549E-02,1.011E-02,7.809E-05,7.60E-03,,1.95E-06,0.00E+00,0.00E+00,3.81,236.39,1.55E-06,,1.64E-02,7.60E-03,1.89E-03,8.36E-03,502.4,,,,,,,,,,
,,,,,,,,4.640E-02,5.529E-03,5.627E-05,2.68E-03,,2.05E-06,0.00E+00,0.00E+00,3.81,236.39,1.58E-06,,8.95E-03,2.68E-03,3.10E-04,3.65E-03,1110.4,,,,,,,,,,
,,,,,,,,4.733E-02,2.739E-03,3.904E-05,4.82E-04,,2.21E-06,0.00E+00,0.00E+00,3.81,240.20,1.58E-06,,3.68E-03,4.82E-04,7.94E-04,1.36E-03,1246.3,,,,,,,,,,
,,,,,,,,4.827E-02,1.648E-03,3.022E-05,4.24E-04,,2.42E-06,0.00E+00,0.00E+00,3.81,240.20,1.63E-06,,8.81E-04,4.24E-04,2.17E-03,9.74E-04,497.3,,,,,,,,,,
,,,,,,,,4.924E-02,1.577E-03,2.898E-05,1.51E-03,,2.68E-06,0.00E+00,0.00E+00,3.81,244.01,1.63E-06,,2.21E-04,1.51E-03,3.35E-03,1.65E-03,6.3,,,,,,,,,,
,,,,,,,,5.022E-02,1.783E-03,3.039E-05,2.71E-03,,2.98E-06,0.00E+00,0.00E+00,3.81,244.01,1.71E-06,,9.24E-04,2.71E-03,3.70E-03,2.51E-03,576.9,,,,,,,,,,
,,,,,,,,5.123E-02,1.837E-03,3.044E-05,3.30E-03,,3.22E-06,0.00E+00,0.00E+00,1.91,247.83,1.71E-06,,2.05E-03,3.30E-03,3.11E-03,2.94E-03,1311.2,,,,,,,,,,
,,,,,,,,5.225E-02,1.634E-03,2.838E-05,3.02E-03,,3.39E-06,0.00E+00,0.00E+00,1.91,247.83,1.85E-06,,2.81E-03,3.02E-03,1.98E-03,2.71E-03,1436.9,,,,,,,,,,
,,,,,,,,5.330E-02,1.187E-03,2.408E-05,2.11E-03,,3.64E-06,0.00E+00,0.00E+00,3.81,251.64,1.85E-06,,2.85E-03,2.11E-03,8.63E-04,1.98E-03,1095.0,,,,,,,,,,
,,,,,,,,5.436E-02,7.811E-04,2.013E-05,1.06E-03,,3.94E-06,0.00E+00,0.00E+00,3.81,251.64,2.04E-06,,2.20E-03,1.06E-03,2.19E-04,1.13E-03,305.8,,,,,,,,,,
,,,,,,,,5.545E-02,4.857E-04,1.628E-05,3.17E-04,,4.20E-06,0.00E+00,0.00E+00,3.81,255.45,2.04E-06,,1.26E-03,3.17E-04,1.53E-04,5.11E-04,2.4,,,,,,,,,,
,,,,,,,,5.656E-02,4.096E-04,1.452E-05,9.98E-05,,4.41E-06,0.00E+00,0.00E+00,3.81,255.45,2.30E-06,,4.62E-04,9.98E-05,4.40E-04,2.75E-04,85.5,,,,,,,,,,
,,,,,,,,5.769E-02,4.980E-04,1.569E-05,2.89E-04,,4.56E-06,0.00E+00,0.00E+00,3.81,259.27,2.30E-06,,9.93E-05,2.89E-04,7.14E-04,3.48E-04,91.5,,,,,,,,,,
,,,,,,,,5.885E-02,5.846E-04,1.644E-05,5.73E-04,,4.67E-06,0.00E+00,0.00E+00,3.81,259.27,2.63E-06,,1.64E-04,5.73E-04,7.22E-04,5.08E-04,21.8,,,,,,,,,,
,,,,,,,,6.002E-02,5.811E-04,1.606E-05,6.70E-04,,4.73E-06,0.00E+00,0.00E+00,3.81,263.08,2.63E-06,,4.21E-04,6.70E-04,4.67E-04,5.57E-04,2.3,,,,,,,,,,
,,,,,,,,6.122E-02,4.533E-04,1.411E-05,5.05E-04,,4.77E-06,0.00E+00,0.00E+00,3.81,263.08,3.01E-06,,5.88E-04,5.05E-04,1.62E-04,4.40E-04,0.9,,,,,,,,,,
,,,,,,,,6.245E-02,2.898E-04,1.135E-05,2.23E-04,,4.79E-06,0.00E+00,0.00E+00,3.81,266.89,3.01E-06,,5.22E-04,2.23E-04,3.37E-05,2.50E-04,12.1,,,,,,,,,,
,,,,,,,,6.370E-02,2.029E-04,9.422E-06,4.17E-05,,4.80E-06,0.00E+00,0.00E+00,3.81,266.89,3.31E-06,,2.87E-04,4.17E-05,1.40E-04,1.28E-04,63.8,,,,,,,,,,
,,,,,,,,6.497E-02,2.164E-04,9.685E-06,7.52E-05,,4.80E-06,0.00E+00,0.00E+00,3.81,268.80,3.31E-06,,7.47E-05,7.52E-05,3.38E-04,1.41E-04,61.1,,,,,,,,,,
,,,,,,,,6.627E-02,2.796E-04,1.075E-05,2.45E-04,,4.80E-06,0.00E+00,0.00E+00,3.81,268.80,3.52E-06,,3.44E-05,2.45E-04,4.23E-04,2.37E-04,15.7,,,,,,,,,,
,,,,,,,,6.759E-02,3.283E-04,1.140E-05,3.69E-04,,4.79E-06,0.00E+00,0.00E+00,3.81,270.71,3.52E-06,,1.57E-04,3.69E-04,3.17E-04,3.03E-04,4.9,,,,,,,,,,
,,,,,,,,6.895E-02,2.871E-04,1.062E-05,3.28E-04,,4.77E-06,0.00E+00,0.00E+00,3.81,270.71,3.83E-06,,3.00E-04,3.28E-04,1.27E-04,2.70E-04,2.5,,,,,,,,,,
,,,,,,,,7.033E-02,2.056E-04,9.065E-06,1.51E-04,,4.73E-06,0.00E+00,0.00E+00,3.81,274.52,3.83E-06,,3.08E-04,1.51E-04,3.35E-05,1.61E-04,24.6,,,,,,,,,,
,,,,,,,,7.173E-02,8.178E-05,4.712E-06,3.05E-05,,4.67E-06,0.00E+00,0.00E+00,3.81,274.52,4.21E-06,,1.94E-04,3.05E-05,9.27E-05,8.70E-05,1.2,,,,,,,,,,
,,,,,,,,7.173E-02,1.234E-04,7.238E-06,3.05E-05,,4.57E-06,0.00E+00,0.00E+00,3.81,278.33,4.21E-06,,1.94E-04,3.05E-05,9.27E-05,8.70E-05,25.4,,,,,,,,,,
,,,,,,,,7.317E-02,1.131E-04,6.941E-06,4.84E-05,,4.41E-06,0.00E+00,0.00E+00,3.81,278.33,4.54E-06,,6.44E-05,4.84E-05,2.04E-04,9.14E-05,9.8,,,,,,,,,,
,,,,,,,,7.317E-02,9.428E-05,4.700E-06,4.84E-05,,4.21E-06,0.00E+00,0.00E+00,3.81,282.15,4.54E-06,,6.44E-05,4.84E-05,2.04E-04,9.14E-05,0.4,,,,,,,,,,
,,,,,,,,7.463E-02,1.567E-04,7.746E-06,1.50E-04,,3.95E-06,0.00E+00,0.00E+00,3.81,282.15,4.80E-06,,2.59E-05,1.50E-04,2.32E-04,1.40E-04,4.9,,,,,,,,,,
,,,,,,,,7.463E-02,1.503E-04,5.220E-06,1.50E-04,,3.66E-06,0.00E+00,0.00E+00,3.81,285.96,4.80E-06,,2.59E-05,1.50E-04,2.32E-04,1.40E-04,4.2,,,,,,,,,,
,,,,,,,,7.612E-02,2.186E-04,6.073E-06,2.10E-04,,3.42E-06,0.00E+00,0.00E+00,1.91,285.96,4.99E-06,,9.74E-05,2.10E-04,1.39E-04,1.64E-04,80.4,,,,,,,,,,
,,,,,,,,7.612E-02,2.222E-04,9.189E-06,2.10E-04,,3.25E-06,0.00E+00,0.00E+00,1.91,289.77,4.99E-06,,9.74E-05,2.10E-04,1.39E-04,1.64E-04,39.9,,,,,,,,,,
,,,,,,,,7.765E-02,1.904E-04,5.417E-06,1.57E-04,,3.01E-06,0.00E+00,0.00E+00,3.81,289.77,5.12E-06,,1.76E-04,1.57E-04,3.45E-05,1.31E-04,120.1,,,,,,,,,,
,,,,,,,,7.765E-02,2.050E-04,9.148E-06,1.57E-04,,2.72E-06,0.00E+00,0.00E+00,3.81,293.59,5.12E-06,,1.76E-04,1.57E-04,3.45E-05,1.31E-04,65.3,,,,,,,,,,
,,,,,,,,7.920E-02,1.537E-04,8.016E-06,5.45E-05,,2.46E-06,0.00E+00,0.00E+00,3.81,293.59,5.20E-06,,1.65E-04,5.45E-05,2.90E-05,7.57E-05,94.7,,,,,,,,,,
,,,,,,,,7.920E-02,1.202E-04,4.391E-06,5.45E-05,,2.26E-06,0.00E+00,0.00E+00,3.81,297.40,5.20E-06,,1.65E-04,5.45E-05,2.90E-05,7.57E-05,102.9,,,,,,,,,,
,,,,,,,,8.078E-02,9.981E-05,6.752E-06,1.65E-05,,2.10E-06,0.00E+00,0.00E+00,3.81,297.40,5.25E-06,,7.90E-05,1.65E-05,1.01E-04,5.32E-05,47.6,,,,,,,,,,
,,,,,,,,8.078E-02,6.531E-05,3.403E-06,1.65E-05,,2.00E-06,0.00E+00,0.00E+00,3.81,301.21,5.25E-06,,7.90E-05,1.65E-05,1.01E-04,5.32E-05,12.7,,,,,,,,,,
,,,,,,,,8.240E-02,5.493E-05,3.077E-06,6.28E-05,,1.94E-06,0.00E+00,0.00E+00,3.81,301.21,5.28E-06,,1.57E-05,6.28E-05,1.39E-04,7.01E-05,24.4,,,,,,,,,,
,,,,,,,,8.240E-02,7.098E-05,5.572E-06,6.28E-05,,1.90E-06,0.00E+00,0.00E+00,3.81,305.03,5.28E-06,,1.57E-05,6.28E-05,1.39E-04,7.01E-05,0.0,,,,,,,,,,
,,,,,,,,8.405E-02,5.875E-05,3.098E-06,1.13E-04,,1.88E-06,0.00E+00,0.00E+00,3.81,305.03,5.29E-06,,3.35E-05,1.13E-04,9.15E-05,8.75E-05,86.3,,,,,,,,,,
,,,,,,,,8.573E-02,6.138E-05,2.957E-06,9.53E-05,,1.87E-06,0.00E+00,0.00E+00,3.81,308.84,5.29E-06,,9.21E-05,9.53E-05,2.04E-05,7.58E-05,23.7,,,,,,,,,,
,,,,,,,,8.744E-02,4.758E-05,2.622E-06,3.22E-05,,1.87E-06,0.00E+00,0.00E+00,3.81,308.84,5.30E-06,,9.80E-05,3.22E-05,2.67E-05,4.73E-05,0.0,,,,,,,,,,
,,,,,,,,8.919E-02,2.948E-05,2.303E-06,1.45E-05,,1.87E-06,0.00E+00,0.00E+00,3.81,312.66,5.30E-06,,4.75E-05,1.45E-05,7.36E-05,3.75E-05,12.2,,,,,,,,,,
,,,,,,,,9.097E-02,3.519E-05,2.218E-06,5.24E-05,,1.88E-06,0.00E+00,0.00E+00,3.81,312.66,5.29E-06,,1.14E-05,5.24E-05,7.34E-05,4.74E-05,30.2,,,,,,,,,,
,,,,,,,,9.279E-02,5.169E-05,2.263E-06,7.18E-05,,1.91E-06,0.00E+00,0.00E+00,3.81,316.47,5.29E-06,,3.14E-05,7.18E-05,2.61E-05,5.03E-05,0.4,,,,,,,,,,
,,,,,,,,9.465E-02,4.845E-05,2.110E-06,3.77E-05,,1.96E-06,0.00E+00,0.00E+00,3.81,316.47,5.28E-06,,6.19E-05,3.77E-05,1.77E-05,3.88E-05,21.1,,,,,,,,,,
,,,,,,,,9.654E-02,3.790E-05,1.876E-06,1.07E-05,,2.04E-06,0.00E+00,0.00E+00,3.81,320.28,5.28E-06,,4.76E-05,1.07E-05,7.04E-05,3.49E-05,2.6,,,,,,,,,,
,,,,,,,,9.847E-02,3.810E-05,1.739E-06,4.25E-05,,2.16E-06,0.00E+00,0.00E+00,3.81,320.28,5.26E-06,,1.35E-05,4.25E-05,9.66E-05,4.88E-05,37.7,,,,,,,,,,
,,,,,,,,1.004E-01,4.840E-05,1.825E-06,8.26E-05,,2.35E-06,0.00E+00,0.00E+00,3.81,324.10,5.26E-06,,2.08E-05,8.26E-05,5.07E-05,5.92E-05,35.0,,,,,,,,,,
,,,,,,,,1.025E-01,5.643E-05,1.809E-06,6.23E-05,,2.60E-06,0.00E+00,0.00E+00,3.81,324.10,5.21E-06,,6.05E-05,6.23E-05,2.11E-05,5.15E-05,7.3,,,,,,,,,,
,,,,,,,,1.045E-01,4.603E-05,1.599E-06,1.95E-05,,2.92E-06,0.00E+00,0.00E+00,3.81,327.91,5.21E-06,,6.56E-05,1.95E-05,8.79E-05,4.81E-05,1.7,,,,,,,,,,
,,,,,,,,1.066E-01,3.934E-05,1.429E-06,4.28E-05,,3.29E-06,0.00E+00,0.00E+00,3.81,327.91,5.13E-06,,2.80E-05,4.28E-05,1.78E-04,7.30E-05,554.8,,,,,,,,,,
,,,,,,,,1.087E-01,5.769E-05,1.555E-06,1.19E-04,,3.58E-06,0.00E+00,0.00E+00,1.91,331.72,5.13E-06,,1.85E-05,1.19E-04,1.74E-04,1.08E-04,1033.6,,,,,,,,,,
,,,,,,,,1.109E-01,8.031E-05,1.770E-06,1.47E-04,,3.79E-06,0.00E+00,0.00E+00,1.91,331.72,5.01E-06,,6.76E-05,1.47E-04,8.76E-05,1.12E-04,328.7,,,,,,,,,,
,,,,,,,,1.131E-01,7.948E-05,1.706E-06,9.41E-05,,4.08E-06,0.00E+00,0.00E+00,3.81,335.54,5.01E-06,,1.11E-04,9.41E-05,1.89E-05,7.95E-05,0.0,,,,,,,,,,
,,,,,,,,1.154E-01,5.627E-05,1.418E-06,2.88E-05,,4.45E-06,0.00E+00,0.00E+00,3.81,335.54,4.83E-06,,9.05E-05,2.88E-05,2.28E-06,3.76E-05,173.8,,,,,,,,,,
,,,,,,,,1.177E-01,3.467E-05,1.181E-06,3.53E-06,,4.77E-06,0.00E+00,0.00E+00,3.81,339.35,4.83E-06,,3.75E-05,3.53E-06,2.72E-06,1.18E-05,374.5,,,,,,,,,,
,,,,,,,,1.200E-01,1.952E-05,9.123E-07,2.31E-06,,5.02E-06,0.00E+00,0.00E+00,3.81,339.35,4.59E-06,,6.70E-06,2.31E-06,1.88E-06,3.30E-06,316.2,,,,,,,,,,
,,,,,,,,1.224E-01,1.283E-05,8.137E-07,2.13E-06,,5.21E-06,0.00E+00,0.00E+00,3.81,343.16,4.59E-06,,2.12E-06,2.13E-06,3.44E-06,2.46E-06,162.4,,,,,,,,,,
,,,,,,,,1.249E-01,1.213E-05,7.601E-07,2.78E-06,,5.33E-06,0.00E+00,0.00E+00,3.81,343.16,4.29E-06,,2.56E-06,2.78E-06,4.39E-06,3.13E-06,140.2,,,,,,,,,,
,,,,,,,,1.274E-01,1.254E-05,7.480E-07,3.99E-06,,5.41E-06,0.00E+00,0.00E+00,3.81,346.98,4.29E-06,,2.62E-06,3.99E-06,4.49E-06,3.77E-06,137.2,,,,,,,,,,
,,,,,,,,1.299E-01,1.156E-05,7.002E-07,4.20E-06,,5.46E-06,0.00E+00,0.00E+00,3.81,346.98,3.93E-06,,3.54E-06,4.20E-06,5.65E-06,4.40E-06,104.5,,,,,,,,,,
,,,,,,,,1.325E-01,1.090E-05,6.690E-07,5.08E-06,,5.49E-06,0.00E+00,0.00E+00,3.81,350.79,3.93E-06,,3.97E-06,5.08E-06,4.47E-06,4.65E-06,87.4,,,,,,,,,,
,,,,,,,,1.352E-01,1.062E-05,7.005E-07,4.56E-06,,5.50E-06,0.00E+00,0.00E+00,3.81,350.79,3.65E-06,,4.64E-06,4.56E-06,3.33E-06,4.27E-06,82.0,,,,,,,,,,
,,,,,,,,1.379E-01,9.625E-06,6.267E-07,3.17E-06,,5.50E-06,0.00E+00,0.00E+00,3.81,352.70,3.65E-06,,4.59E-06,3.17E-06,4.37E-06,3.83E-06,85.6,,,,,,,,,,
,,,,,,,,1.406E-01,7.420E-06,5.806E-07,3.82E-06,,5.50E-06,0.00E+00,0.00E+00,3.81,352.70,3.46E-06,,3.22E-06,3.82E-06,3.49E-06,3.59E-06,43.6,,,,,,,,,,
,,,,,,,,1.435E-01,6.172E-06,5.949E-07,3.62E-06,,5.48E-06,0.00E+00,0.00E+00,3.81,354.60,3.46E-06,,3.31E-06,3.62E-06,2.82E-06,3.34E-06,22.6,,,,,,,,,,
,,,,,,,,1.463E-01,6.444E-06,5.611E-07,2.64E-06,,5.45E-06,0.00E+00,0.00E+00,3.81,354.60,3.17E-06,,3.61E-06,2.64E-06,3.69E-06,3.15E-06,34.6,,,,,,,,,,
,,,,,,,,1.493E-01,4.709E-06,5.367E-07,3.26E-06,,5.40E-06,0.00E+00,0.00E+00,3.81,358.42,3.17E-06,,2.65E-06,3.26E-06,2.91E-06,3.02E-06,9.9,,,,,,,,,,
,,,,,,,,1.522E-01,5.685E-06,5.218E-07,2.99E-06,,5.30E-06,0.00E+00,0.00E+00,3.81,358.42,2.82E-06,,2.82E-06,2.99E-06,2.69E-06,2.87E-06,29.1,,,,,,,,,,
,,,,,,,,1.553E-01,4.225E-06,5.184E-07,2.44E-06,,5.15E-06,0.00E+00,0.00E+00,3.81,362.23,2.82E-06,,2.96E-06,2.44E-06,2.98E-06,2.70E-06,8.6,,,,,,,,,,
,,,,,,,,1.584E-01,3.730E-06,4.882E-07,2.74E-06,,4.92E-06,0.00E+00,0.00E+00,3.81,362.23,2.52E-06,,2.33E-06,2.74E-06,2.27E-06,2.52E-06,6.2,,,,,,,,,,
,,,,,,,,1.616E-01,3.886E-06,4.655E-07,2.26E-06,,4.62E-06,0.00E+00,0.00E+00,3.81,366.04,2.52E-06,,2.45E-06,2.26E-06,2.40E-06,2.34E-06,11.0,,,,,,,,,,
,,,,,,,,1.648E-01,3.346E-06,5.306E-07,2.12E-06,,4.24E-06,0.00E+00,0.00E+00,3.81,366.04,2.27E-06,,2.24E-06,2.12E-06,2.20E-06,2.17E-06,4.9,,,,,,,,,,
,,,,,,,,1.681E-01,2.881E-06,4.829E-07,2.10E-06,,3.80E-06,0.00E+00,0.00E+00,3.81,369.86,2.27E-06,,1.92E-06,2.10E-06,1.61E-06,1.93E-06,3.9,,,,,,,,,,
,,,,,,,,1.714E-01,2.689E-06,4.607E-07,1.64E-06,,3.45E-06,0.00E+00,0.00E+00,1.91,369.86,2.10E-06,,1.94E-06,1.64E-06,1.60E-06,1.71E-06,4.6,,,,,,,,,,
,,,,,,,,1.749E-01,3.619E-06,4.477E-07,1.50E-06,,3.21E-06,0.00E+00,0.00E+00,1.91,373.67,2.10E-06,,1.62E-06,1.50E-06,1.34E-06,1.49E-06,22.6,,,,,,,,,,
,,,,,,,,1.784E-01,3.627E-06,4.212E-07,1.40E-06,,2.85E-06,0.00E+00,0.00E+00,3.81,373.67,1.97E-06,,1.41E-06,1.40E-06,1.11E-06,1.33E-06,29.6,,,,,,,,,,
,,,,,,,,1.819E-01,3.751E-06,4.241E-07,1.15E-06,,2.41E-06,0.00E+00,0.00E+00,3.81,377.48,1.97E-06,,1.32E-06,1.15E-06,2.19E-06,1.45E-06,29.4,,,,,,,,,,
,,,,,,,,1.856E-01,3.354E-06,4.001E-07,1.44E-06,,2.04E-06,0.00E+00,0.00E+00,3.81,377.48,1.90E-06,,1.19E-06,1.44E-06,2.43E-06,1.62E-06,18.7,,,,,,,,,,
,,,,,,,,1.893E-01,2.354E-06,3.998E-07,1.95E-06,,1.73E-06,0.00E+00,0.00E+00,3.81,381.30,1.90E-06,,1.11E-06,1.95E-06,1.33E-06,1.59E-06,3.7,,,,,,,,,,
,,,,,,,,1.931E-01,1.420E-06,3.775E-07,1.27E-06,,1.51E-06,0.00E+00,0.00E+00,3.81,381.30,1.85E-06,,1.57E-06,1.27E-06,1.26E-06,1.34E-06,0.0,,,,,,,,,,
,,,,,,,,1.969E-01,1.596E-06,3.724E-07,1.01E-06,,1.36E-06,0.00E+00,0.00E+00,3.81,385.11,1.85E-06,,1.31E-06,1.01E-06,9.38E-07,1.07E-06,2.0,,,,,,,,,,
,,,,,,,,2.009E-01,1.462E-06,3.680E-07,8.71E-07,,1.26E-06,0.00E+00,0.00E+00,3.81,385.11,1.83E-06,,8.41E-07,8.71E-07,8.73E-07,8.64E-07,2.6,,,,,,,,,,
,,,,,,,,2.049E-01,1.462E-07,3.624E-07,7.35E-07,,1.21E-06,0.00E+00,0.00E+00,3.81,388.92,1.83E-06,,7.94E-07,7.35E-07,7.37E-07,7.51E-07,2.8,,,,,,,,,,
,,,,,,,,2.090E-01,6.878E-07,3.701E-07,6.63E-07,,1.18E-06,0.00E+00,0.00E+00,3.81,388.92,1.81E-06,,6.28E-07,6.63E-07,6.78E-07,6.58E-07,0.0,,,,,,,,,,
,,,,,,,,2.132E-01,6.155E-07,3.694E-07,5.87E-07,,1.16E-06,0.00E+00,0.00E+00,3.81,392.74,1.81E-06,,5.87E-07,5.87E-07,5.66E-07,5.82E-07,0.0,,,,,,,,,,
,,,,,,,,2.174E-01,1.140E-06,3.491E-07,5.04E-07,,1.16E-06,0.00E+00,0.00E+00,3.81,392.74,1.81E-06,,5.00E-07,5.04E-07,5.08E-07,5.04E-07,3.3,,,,,,,,,,
,,,,,,,,2.218E-01,3.030E-07,3.454E-07,4.50E-07,,1.16E-06,0.00E+00,0.00E+00,3.81,396.55,1.81E-06,,4.43E-07,4.50E-07,4.21E-07,4.41E-07,0.2,,,,,,,,,,
,,,,,,,,2.262E-01,1.519E-06,3.293E-07,3.71E-07,,1.17E-06,0.00E+00,0.00E+00,3.81,396.55,1.81E-06,,3.80E-07,3.71E-07,3.70E-07,3.73E-07,12.1,,,,,,,,,,
,,,,,,,,2.307E-01,4.531E-07,3.265E-07,3.33E-07,,1.20E-06,0.00E+00,0.00E+00,3.81,400.36,1.81E-06,,3.21E-07,3.33E-07,3.12E-07,3.25E-07,0.2,,,,,,,,,,
,,,,,,,,2.354E-01,6.003E-07,3.322E-07,2.72E-07,,1.25E-06,0.00E+00,0.00E+00,3.81,400.36,1.82E-06,,2.81E-07,2.72E-07,2.63E-07,2.72E-07,1.0,,,,,,,,,,
,,,,,,,,2.401E-01,-8.044E-08,3.378E-07,2.36E-07,,1.33E-06,0.00E+00,0.00E+00,3.81,404.18,1.82E-06,,2.27E-07,2.36E-07,2.23E-07,2.30E-07,0.8,,,,,,,,,,
,,,,,,,,2.449E-01,2.365E-07,3.174E-07,2.00E-07,,1.46E-06,0.00E+00,0.00E+00,3.81,404.18,1.84E-06,,2.00E-07,2.00E-07,1.86E-07,1.96E-07,0.0,,,,,,,,,,
,,,,,,,,2.498E-01,2.013E-07,3.045E-07,1.62E-07,,1.65E-06,0.00E+00,0.00E+00,3.81,407.99,1.84E-06,,1.58E-07,1.62E-07,1.47E-07,1.57E-07,0.0,,,,,,,,,,
,,,,,,,,,,,,,1.91E-06,0.00E+00,0.00E+00,3.81,407.99,1.88E-06,,,,,,,,,,,,,,,,
,,,,,,,,,,,,,2.23E-06,0.00E+00,0.00E+00,3.81,411.80,1.88E-06,,,,,,,,,,,,,,,,
,,,,,,,,,,,,,2.61E-06,0.00E+00,0.00E+00,3.81,411.80,1.95E-06,,,,,,,,,,,,,,,,
,,,,,,,,,,,,,2.91E-06,0.00E+00,0.00E+00,1.91,415.62,1.95E-06,,,,,,,,,,,,,,,,
,,,,,,,,,,,,,3.12E-06,0.00E+00,0.00E+00,1.91,415.62,2.05E-06,,,,,,,,,,,,,,,,
,,,,,,,,,,,,,3.42E-06,0.00E+00,0.00E+00,3.81,419.43,2.05E-06,,,,,,,,,,,,,,,,
,,,,,,,,,,,,,3.80E-06,0.00E+00,0.00E+00,3.81,419.43,2.21E-06,,,,,,,,,,,,,,,,
,,,,,,,,,,,,,4.12E-06,0.00E+00,0.00E+00,3.81,423.24,2.21E-06,,,,,,,,,,,,,,,,
,,,,,,,,,,,,,4.38E-06,0.00E+00,0.00E+00,3.81,423.24,2.42E-06,,,,,,,,,,,,,,,,
,,,,,,,,,,,,,4.57E-06,0.00E+00,0.00E+00,3.81,427.06,2.42E-06,,,,,,,,,,,,,,,,
,,,,,,,,,,,,,4.70E-06,0.00E+00,0.00E+00,3.81,427.06,2.68E-06,,,,,,,,,,,,,,,,
,,,,,,,,,,,,,4.78E-06,0.00E+00,0.00E+00,3.81,430.87,2.68E-06,,,,,,,,,,,,,,,,
,,,,,,,,,,,,,4.83E-06,0.00E+00,0.00E+00,3.81,430.87,2.98E-06,,,,,,,,,,,,,,,,
,,,,,,,,,,,,,4.85E-06,0.00E+00,0.00E+00,3.81,434.68,2.98E-06,,,,,,,,,,,,,,,,
,,,,,,,,,,,,,4.87E-06,0.00E+00,0.00E+00,3.81,434.68,3.22E-06,,,,,,,,,,,,,,,,
,,,,,,,,,,,,,4.87E-06,0.00E+00,0.00E+00,3.81,436.59,3.22E-06,,,,,,,,,,,,,,,,
,,,,,,,,,,,,,4.87E-06,0.00E+00,0.00E+00,3.81,436.59,3.39E-06,,,,,,,,,,,,,,,,
,,,,,,,,,,,,,4.85E-06,0.00E+00,0.00E+00,3.81,438.50,3.39E-06,,,,,,,,,,,,,,,,
,,,,,,,,,,,,,4.83E-06,0.00E+00,0.00E+00,3.81,438.50,3.64E-06,,,,,,,,,,,,,,,,
,,,,,,,,,,,,,4.78E-06,0.00E+00,0.00E+00,3.81,442.31,3.64E-06,,,,,,,,,,,,,,,,
,,,,,,,,,,,,,4.69E-06,0.00E+00,0.00E+00,3.81,442.31,3.94E-06,,,,,,,,,,,,,,,,
,,,,,,,,,,,,,4.56E-06,0.00E+00,0.00E+00,3.81,446.13,3.94E-06,,,,,,,,,,,,,,,,
,,,,,,,,,,,,,4.36E-06,0.00E+00,0.00E+00,3.81,446.13,4.20E-06,,,,,,,,,,,,,,,,
,,,,,,,,,,,,,4.10E-06,0.00E+00,0.00E+00,3.81,449.94,4.20E-06,,,,,,,,,,,,,,,,
,,,,,,,,,,,,,3.76E-06,0.00E+00,0.00E+00,3.81,449.94,4.41E-06,,,,,,,,,,,,,,,,
,,,,,,,,,,,,,3.38E-06,0.00E+00,0.00E+00,3.81,453.75,4.41E-06,,,,,,,,,,,,,,,,
,,,,,,,,,,,,,3.06E-06,0.00E+00,0.00E+00,1.91,453.75,4.56E-06,,,,,,,,,,,,,,,,
,,,,,,,,,,,,,2.90E-06,0.00E+00,0.00E+00,1.02,457.57,4.56E-06,,,,,,,,,,,,,,,,
,,,,,,,,,,,,,2.73E-06,0.00E+00,0.00E+00,2.05,457.57,4.67E-06,,,,,,,,,,,,,,,,
,,,,,,,,,,,,,2.51E-06,0.00E+00,0.00E+00,2.05,461.38,4.67E-06,,,,,,,,,,,,,,,,
,,,,,,,,,,,,,2.30E-06,0.00E+00,0.00E+00,2.05,461.38,4.73E-06,,,,,,,,,,,,,,,,
,,,,,,,,,,,,,2.10E-06,0.00E+00,0.00E+00,2.05,465.19,4.73E-06,,,,,,,,,,,,,,,,
,,,,,,,,,,,,,1.92E-06,0.00E+00,0.00E+00,2.05,465.19,4.77E-06,,,,,,,,,,,,,,,,
,,,,,,,,,,,,,1.76E-06,0.00E+00,0.00E+00,2.05,469.01,4.77E-06,,,,,,,,,,,,,,,,
,,,,,,,,,,,,,1.61E-06,0.00E+00,0.00E+00,2.05,469.01,4.79E-06,,,,,,,,,,,,,,,,
,,,,,,,,,,,,,1.49E-06,0.00E+00,0.00E+00,2.05,472.82,4.79E-06,,,,,,,,,,,,,,,,
,,,,,,,,,,,,,1.39E-06,0.00E+00,0.00E+00,2.05,472.82,4.80E-06,,,,,,,,,,,,,,,,
,,,,,,,,,,,,,1.30E-06,0.00E+00,0.00E+00,2.05,476.63,4.80E-06,,,,,,,,,,,,,,,,
,,,,,,,,,,,,,1.24E-06,0.00E+00,0.00E+00,2.05,476.63,4.80E-06,,,,,,,,,,,,,,,,
,,,,,,,,,,,,,1.18E-06,0.00E+00,0.00E+00,2.05,480.45,4.80E-06,,,,,,,,,,,,,,,,
,,,,,,,,,,,,,1.14E-06,0.00E+00,0.00E+00,2.05,480.45,4.80E-06,,,,,,,,,,,,,,,,
,,,,,,,,,,,,,1.11E-06,0.00E+00,0.00E+00,2.05,484.26,4.80E-06,,,,,,,,,,,,,,,,
,,,,,,,,,,,,,1.09E-06,8.40E-24,7.70E-21,2.05,484.26,4.79E-06,,,,,,,,,,,,,,,,
,,,,,,,,,,,,,1.07E-06,4.04E-21,3.71E-18,2.05,488.07,4.79E-06,,,,,,,,,,,,,,,,
,,,,,,,,,,,,,1.06E-06,7.87E-19,7.22E-16,2.05,488.07,4.77E-06,,,,,,,,,,,,,,,,
,,,,,,,,,,,,,1.05E-06,6.28E-17,5.76E-14,2.05,491.89,4.77E-06,,,,,,,,,,,,,,,,
,,,,,,,,,,,,,1.05E-06,2.07E-15,1.90E-12,2.05,491.89,4.73E-06,,,,,,,,,,,,,,,,
,,,,,,,,,,,,,1.10E-06,2.91E-14,2.67E-11,2.05,495.70,4.73E-06,,,,,,,,,,,,,,,,
,,,,,,,,,,,,,1.42E-06,1.80E-13,1.66E-10,2.05,495.70,4.67E-06,,,,,,,,,,,,,,,,
,,,,,,,,,,,,,1.96E-06,4.35E-13,4.00E-10,1.02,499.51,4.67E-06,,,,,,,,,,,,,,,,
,,,,,,,,,,,,,2.23E-06,5.65E-13,5.19E-10,0.27,499.51,4.57E-06,,,,,,,,,,,,,,,,
,,,,,,,,,,,,,2.34E-06,6.21E-13,5.69E-10,0.28,503.33,4.57E-06,,,,,,,,,,,,,,,,
,,,,,,,,,,,,,2.46E-06,6.76E-13,6.20E-10,0.29,503.33,4.41E-06,,,,,,,,,,,,,,,,
,,,,,,,,,,,,,2.57E-06,7.31E-13,6.71E-10,0.31,507.14,4.41E-06,,,,,,,,,,,,,,,,
,,,,,,,,,,,,,2.69E-06,7.86E-13,7.21E-10,0.33,507.14,4.21E-06,,,,,,,,,,,,,,,,
,,,,,,,,,,,,,2.81E-06,8.40E-13,7.71E-10,0.37,510.95,4.21E-06,,,,,,,,,,,,,,,,
,,,,,,,,,,,,,2.92E-06,8.94E-13,8.21E-10,0.43,510.95,3.95E-06,,,,,,,,,,,,,,,,
,,,,,,,,,,,,,3.03E-06,9.47E-13,8.69E-10,0.52,514.77,3.95E-06,,,,,,,,,,,,,,,,
,,,,,,,,,,,,,3.13E-06,9.97E-13,9.15E-10,0.71,514.77,3.66E-06,,,,,,,,,,,,,,,,
,,,,,,,,,,,,,3.23E-06,1.04E-12,9.55E-10,1.28,518.58,3.66E-06,,,,,,,,,,,,,,,,
,,,,,,,,,,,,,3.29E-06,1.07E-12,9.83E-10,1.72,518.58,3.42E-06,,,,,,,,,,,,,,,,
,,,,,,,,,,,,,3.30E-06,1.08E-12,9.87E-10,6.98,520.49,3.42E-06,,,,,,,,,,,,,,,,
,,,,,,,,,,,,,3.30E-06,1.26E-12,9.83E-10,1.72,520.49,3.25E-06,,,,,,,,,,,,,,,,
,,,,,,,,,,,,,3.26E-06,2.57E-12,9.55E-10,1.28,522.39,3.25E-06,,,,,,,,,,,,,,,,
,,,,,,,,,,,,,3.21E-06,4.47E-12,9.15E-10,0.71,522.39,3.01E-06,,,,,,,,,,,,,,,,
,,,,,,,,,,,,,3.15E-06,6.62E-12,8.69E-10,0.52,526.21,3.01E-06,,,,,,,,,,,,,,,,
,,,,,,,,,,,,,3.09E-06,8.90E-12,8.21E-10,0.43,526.21,2.72E-06,,,,,,,,,,,,,,,,
,,,,,,,,,,,,,3.03E-06,1.12E-11,7.72E-10,0.37,530.02,2.72E-06,,,,,,,,,,,,,,,,
,,,,,,,,,,,,,2.97E-06,1.36E-11,7.22E-10,0.33,530.02,2.46E-06,,,,,,,,,,,,,,,,
,,,,,,,,,,,,,2.91E-06,1.60E-11,6.71E-10,0.31,533.83,2.46E-06,,,,,,,,,,,,,,,,
,,,,,,,,,,,,,2.84E-06,1.83E-11,6.21E-10,0.29,533.83,2.26E-06,,,,,,,,,,,,,,,,
,,,,,,,,,,,,,2.78E-06,2.07E-11,5.70E-10,0.28,537.65,2.26E-06,,,,,,,,,,,,,,,,
,,,,,,,,,,,,,2.72E-06,2.31E-11,5.20E-10,0.27,537.65,2.10E-06,,,,,,,,,,,,,,,,
,,,,,,,,,,,,,2.65E-06,2.55E-11,4.69E-10,0.27,541.46,2.10E-06,,,,,,,,,,,,,,,,
,,,,,,,,,,,,,2.59E-06,2.79E-11,4.19E-10,0.28,541.46,2.00E-06,,,,,,,,,,,,,,,,
,,,,,,,,,,,,,2.53E-06,3.02E-11,3.68E-10,0.29,545.27,2.00E-06,,,,,,,,,,,,,,,,
,,,,,,,,,,,,,2.46E-06,3.26E-11,3.18E-10,0.31,545.27,1.94E-06,,,,,,,,,,,,,,,,
,,,,,,,,,,,,,2.40E-06,3.50E-11,2.67E-10,0.33,549.09,1.94E-06,,,,,,,,,,,,,,,,
,,,,,,,,,,,,,2.34E-06,3.73E-11,2.17E-10,0.37,549.09,1.90E-06,,,,,,,,,,,,,,,,
,,,,,,,,,,,,,2.28E-06,3.97E-11,1.68E-10,0.43,552.90,1.90E-06,,,,,,,,,,,,,,,,
,,,,,,,,,,,,,2.22E-06,4.19E-11,1.20E-10,0.52,552.90,1.88E-06,,,,,,,,,,,,,,,,
,,,,,,,,,,,,,2.16E-06,4.41E-11,7.41E-11,0.71,556.71,1.88E-06,,,,,,,,,,,,,,,,
,,,,,,,,,,,,,2.11E-06,4.60E-11,3.37E-11,1.28,556.71,1.87E-06,,,,,,,,,,,,,,,,
,,,,,,,,,,,,,2.07E-06,4.73E-11,5.85E-12,1.72,560.53,1.87E-06,,,,,,,,,,,,,,,,
,,,,,,,,,,,,,2.07E-06,4.75E-11,2.00E-12,100.00,560.53,1.87E-06,,,,,,,,,,,,,,,,
,,,,,,,,,,,,,,,,,564.34,1.87E-06,,,,,,,,,,,,,,,,
,,,,,,,,,,,,,,,,,564.34,1.87E-06,,,,,,,,,,,,,,,,
,,,,,,,,,,,,,,,,,568.15,1.87E-06,,,,,,,,,,,,,,,,
,,,,,,,,,,,,,,,,,568.15,1.88E-06,,,,,,,,,,,,,,,,
,,,,,,,,,,,,,,,,,571.97,1.88E-06,,,,,,,,,,,,,,,,
,,,,,,,,,,,,,,,,,571.97,1.91E-06,,,,,,,,,,,,,,,,
,,,,,,,,,,,,,,,,,575.78,1.91E-06,,,,,,,,,,,,,,,,
,,,,,,,,,,,,,,,,,575.78,1.96E-06,,,,,,,,,,,,,,,,
,,,,,,,,,,,,,,,,,579.60,1.96E-06,,,,,,,,,,,,,,,,
,,,,,,,,,,,,,,,,,579.60,2.04E-06,,,,,,,,,,,,,,,,
,,,,,,,,,,,,,,,,,583.41,2.04E-06,,,,,,,,,,,,,,,,
,,,,,,,,,,,,,,,,,583.41,2.16E-06,,,,,,,,,,,,,,,,
,,,,,,,,,,,,,,,,,587.22,2.16E-06,,,,,,,,,,,,,,,,
,,,,,,,,,,,,,,,,,587.22,2.35E-06,,,,,,,,,,,,,,,,
,,,,,,,,,,,,,,,,,591.04,2.35E-06,,,,,,,,,,,,,,,,
,,,,,,,,,,,,,,,,,591.04,2.60E-06,,,,,,,,,,,,,,,,
,,,,,,,,,,,,,,,,,594.85,2.60E-06,,,,,,,,,,,,,,,,
,,,,,,,,,,,,,,,,,594.85,2.92E-06,,,,,,,,,,,,,,,,
,,,,,,,,,,,,,,,,,598.66,2.92E-06,,,,,,,,,,,,,,,,
,,,,,,,,,,,,,,,,,598.66,3.29E-06,,,,,,,,,,,,,,,,
,,,,,,,,,,,,,,,,,602.48,3.29E-06,,,,,,,,,,,,,,,,
,,,,,,,,,,,,,,,,,602.48,3.58E-06,,,,,,,,,,,,,,,,
,,,,,,,,,,,,,,,,,604.38,3.58E-06,,,,,,,,,,,,,,,,
,,,,,,,,,,,,,,,,,604.38,3.79E-06,,,,,,,,,,,,,,,,
,,,,,,,,,,,,,,,,,606.29,3.79E-06,,,,,,,,,,,,,,,,
,,,,,,,,,,,,,,,,,606.29,4.08E-06,,,,,,,,,,,,,,,,
,,,,,,,,,,,,,,,,,610.10,4.08E-06,,,,,,,,,,,,,,,,
,,,,,,,,,,,,,,,,,610.10,4.45E-06,,,,,,,,,,,,,,,,
,,,,,,,,,,,,,,,,,613.92,4.45E-06,,,,,,,,,,,,,,,,
,,,,,,,,,,,,,,,,,613.92,4.77E-06,,,,,,,,,,,,,,,,
,,,,,,,,,,,,,,,,,617.73,4.77E-06,,,,,,,,,,,,,,,,
,,,,,,,,,,,,,,,,,617.73,5.02E-06,,,,,,,,,,,,,,,,
,,,,,,,,,,,,,,,,,621.54,5.02E-06,,,,,,,,,,,,,,,,
,,,,,,,,,,,,,,,,,621.54,5.21E-06,,,,,,,,,,,,,,,,
,,,,,,,,,,,,,,,,,625.36,5.21E-06,,,,,,,,,,,,,,,,
,,,,,,,,,,,,,,,,,625.36,5.33E-06,,,,,,,,,,,,,,,,
,,,,,,,,,,,,,,,,,629.17,5.33E-06,,,,,,,,,,,,,,,,
,,,,,,,,,,,,,,,,,629.17,5.41E-06,,,,,,,,,,,,,,,,
,,,,,,,,,,,,,,,,,632.98,5.41E-06,,,,,,,,,,,,,,,,
,,,,,,,,,,,,,,,,,632.98,5.46E-06,,,,,,,,,,,,,,,,
,,,,,,,,,,,,,,,,,636.80,5.46E-06,,,,,,,,,,,,,,,,
,,,,,,,,,,,,,,,,,636.80,5.49E-06,,,,,,,,,,,,,,,,
,,,,,,,,,,,,,,,,,640.61,5.49E-06,,,,,,,,,,,,,,,,
,,,,,,,,,,,,,,,,,640.61,5.50E-06,,,,,,,,,,,,,,,,
,,,,,,,,,,,,,,,,,644.42,5.50E-06,,,,,,,,,,,,,,,,
,,,,,,,,,,,,,,,,,644.42,5.50E-06,,,,,,,,,,,,,,,,
,,,,,,,,,,,,,,,,,648.24,5.50E-06,,,,,,,,,,,,,,,,
,,,,,,,,,,,,,,,,,648.24,5.50E-06,,,,,,,,,,,,,,,,
,,,,,,,,,,,,,,,,,652.05,5.50E-06,,,,,,,,,,,,,,,,
,,,,,,,,,,,,,,,,,652.05,5.48E-06,,,,,,,,,,,,,,,,
,,,,,,,,,,,,,,,,,655.86,5.48E-06,,,,,,,,,,,,,,,,
,,,,,,,,,,,,,,,,,655.86,5.45E-06,,,,,,,,,,,,,,,,
,,,,,,,,,,,,,,,,,659.68,5.45E-06,,,,,,,,,,,,,,,,
,,,,,,,,,,,,,,,,,659.68,5.40E-06,,,,,,,,,,,,,,,,
,,,,,,,,,,,,,,,,,663.49,5.40E-06,,,,,,,,,,,,,,,,
,,,,,,,,,,,,,,,,,663.49,5.30E-06,,,,,,,,,,,,,,,,
,,,,,,,,,,,,,,,,,667.30,5.30E-06,,,,,,,,,,,,,,,,
,,,,,,,,,,,,,,,,,667.30,5.15E-06,,,,,,,,,,,,,,,,
,,,,,,,,,,,,,,,,,671.12,5.15E-06,,,,,,,,,,,,,,,,
,,,,,,,,,,,,,,,,,671.12,4.92E-06,,,,,,,,,,,,,,,,
,,,,,,,,,,,,,,,,,674.93,4.92E-06,,,,,,,,,,,,,,,,
,,,,,,,,,,,,,,,,,674.93,4.62E-06,,,,,,,,,,,,,,,,
,,,,,,,,,,,,,,,,,678.74,4.62E-06,,,,,,,,,,,,,,,,
,,,,,,,,,,,,,,,,,678.74,4.24E-06,,,,,,,,,,,,,,,,
,,,,,,,,,,,,,,,,,682.56,4.24E-06,,,,,,,,,,,,,,,,
,,,,,,,,,,,,,,,,,682.56,3.80E-06,,,,,,,,,,,,,,,,
,,,,,,,,,,,,,,,,,686.37,3.80E-06,,,,,,,,,,,,,,,,
,,,,,,,,,,,,,,,,,686.37,3.45E-06,,,,,,,,,,,,,,,,
,,,,,,,,,,,,,,,,,688.28,3.45E-06,,,,,,,,,,,,,,,,
,,,,,,,,,,,,,,,,,688.28,3.21E-06,,,,,,,,,,,,,,,,
,,,,,,,,,,,,,,,,,690.18,3.21E-06,,,,,,,,,,,,,,,,
,,,,,,,,,,,,,,,,,690.18,2.85E-06,,,,,,,,,,,,,,,,
,,,,,,,,,,,,,,,,,694.00,2.85E-06,,,,,,,,,,,,,,,,
,,,,,,,,,,,,,,,,,694.00,2.41E-06,,,,,,,,,,,,,,,,
,,,,,,,,,,,,,,,,,697.81,2.41E-06,,,,,,,,,,,,,,,,
,,,,,,,,,,,,,,,,,697.81,2.04E-06,,,,,,,,,,,,,,,,
,,,,,,,,,,,,,,,,,701.63,2.04E-06,,,,,,,,,,,,,,,,
,,,,,,,,,,,,,,,,,701.63,1.73E-06,,,,,,,,,,,,,,,,
,,,,,,,,,,,,,,,,,705.44,1.73E-06,,,,,,,,,,,,,,,,
,,,,,,,,,,,,,,,,,705.44,1.51E-06,,,,,,,,,,,,,,,,
,,,,,,,,,,,,,,,,,709.25,1.51E-06,,,,,,,,,,,,,,,,
,,,,,,,,,,,,,,,,,709.25,1.36E-06,,,,,,,,,,,,,,,,
,,,,,,,,,,,,,,,,,713.07,1.36E-06,,,,,,,,,,,,,,,,
,,,,,,,,,,,,,,,,,713.07,1.26E-06,,,,,,,,,,,,,,,,
,,,,,,,,,,,,,,,,,716.88,1.26E-06,,,,,,,,,,,,,,,,
,,,,,,,,,,,,,,,,,716.88,1.21E-06,,,,,,,,,,,,,,,,
,,,,,,,,,,,,,,,,,720.69,1.21E-06,,,,,,,,,,,,,,,,
,,,,,,,,,,,,,,,,,720.69,1.18E-06,,,,,,,,,,,,,,,,
,,,,,,,,,,,,,,,,,724.51,1.18E-06,,,,,,,,,,,,,,,,
,,,,,,,,,,,,,,,,,724.51,1.16E-06,,,,,,,,,,,,,,,,
,,,,,,,,,,,,,,,,,728.32,1.16E-06,,,,,,,,,,,,,,,,
,,,,,,,,,,,,,,,,,728.32,1.16E-06,,,,,,,,,,,,,,,,
,,,,,,,,,,,,,,,,,732.13,1.16E-06,,,,,,,,,,,,,,,,
,,,,,,,,,,,,,,,,,732.13,1.16E-06,,,,,,,,,,,,,,,,
,,,,,,,,,,,,,,,,,735.95,1.16E-06,,,,,,,,,,,,,,,,
,,,,,,,,,,,,,,,,,735.95,1.17E-06,,,,,,,,,,,,,,,,
,,,,,,,,,,,,,,,,,739.76,1.17E-06,,,,,,,,,,,,,,,,
,,,,,,,,,,,,,,,,,739.76,1.20E-06,,,,,,,,,,,,,,,,
,,,,,,,,,,,,,,,,,743.57,1.20E-06,,,,,,,,,,,,,,,,
,,,,,,,,,,,,,,,,,743.57,1.25E-06,,,,,,,,,,,,,,,,
,,,,,,,,,,,,,,,,,747.39,1.25E-06,,,,,,,,,,,,,,,,
,,,,,,,,,,,,,,,,,747.39,1.33E-06,,,,,,,,,,,,,,,,
,,,,,,,,,,,,,,,,,751.20,1.33E-06,,,,,,,,,,,,,,,,
,,,,,,,,,,,,,,,,,751.20,1.46E-06,,,,,,,,,,,,,,,,
,,,,,,,,,,,,,,,,,755.01,1.46E-06,,,,,,,,,,,,,,,,
,,,,,,,,,,,,,,,,,755.01,1.65E-06,,,,,,,,,,,,,,,,
,,,,,,,,,,,,,,,,,758.83,1.65E-06,,,,,,,,,,,,,,,,
,,,,,,,,,,,,,,,,,758.83,1.91E-06,,,,,,,,,,,,,,,,
,,,,,,,,,,,,,,,,,762.64,1.91E-06,,,,,,,,,,,,,,,,
,,,,,,,,,,,,,,,,,762.64,2.23E-06,,,,,,,,,,,,,,,,
,,,,,,,,,,,,,,,,,766.45,2.23E-06,,,,,,,,,,,,,,,,
,,,,,,,,,,,,,,,,,766.45,2.61E-06,,,,,,,,,,,,,,,,
,,,,,,,,,,,,,,,,,770.27,2.61E-06,,,,,,,,,,,,,,,,
,,,,,,,,,,,,,,,,,770.27,2.91E-06,,,,,,,,,,,,,,,,
,,,,,,,,,,,,,,,,,772.17,2.91E-06,,,,,,,,,,,,,,,,
,,,,,,,,,,,,,,,,,772.17,3.12E-06,,,,,,,,,,,,,,,,
,,,,,,,,,,,,,,,,,774.08,3.12E-06,,,,,,,,,,,,,,,,
,,,,,,,,,,,,,,,,,774.08,3.42E-06,,,,,,,,,,,,,,,,
,,,,,,,,,,,,,,,,,777.89,3.42E-06,,,,,,,,,,,,,,,,
,,,,,,,,,,,,,,,,,777.89,3.80E-06,,,,,,,,,,,,,,,,
,,,,,,,,,,,,,,,,,781.71,3.80E-06,,,,,,,,,,,,,,,,
,,,,,,,,,,,,,,,,,781.71,4.12E-06,,,,,,,,,,,,,,,,
,,,,,,,,,,,,,,,,,785.52,4.12E-06,,,,,,,,,,,,,,,,
,,,,,,,,,,,,,,,,,785.52,4.38E-06,,,,,,,,,,,,,,,,
,,,,,,,,,,,,,,,,,789.33,4.38E-06,,,,,,,,,,,,,,,,
,,,,,,,,,,,,,,,,,789.33,4.57E-06,,,,,,,,,,,,,,,,
,,,,,,,,,,,,,,,,,793.15,4.57E-06,,,,,,,,,,,,,,,,
,,,,,,,,,,,,,,,,,793.15,4.70E-06,,,,,,,,,,,,,,,,
,,,,,,,,,,,,,,,,,796.96,4.70E-06,,,,,,,,,,,,,,,,
,,,,,,,,,,,,,,,,,796.96,4.78E-06,,,,,,,,,,,,,,,,
,,,,,,,,,,,,,,,,,800.77,4.78E-06,,,,,,,,,,,,,,,,
,,,,,,,,,,,,,,,,,800.77,4.83E-06,,,,,,,,,,,,,,,,
,,,,,,,,,,,,,,,,,804.59,4.83E-06,,,,,,,,,,,,,,,,
,,,,,,,,,,,,,,,,,804.59,4.85E-06,,,,,,,,,,,,,,,,
,,,,,,,,,,,,,,,,,808.40,4.85E-06,,,,,,,,,,,,,,,,
,,,,,,,,,,,,,,,,,808.40,4.87E-06,,,,,,,,,,,,,,,,
,,,,,,,,,,,,,,,,,812.21,4.87E-06,,,,,,,,,,,,,,,,
,,,,,,,,,,,,,,,,,812.21,4.87E-06,,,,,,,,,,,,,,,,
,,,,,,,,,,,,,,,,,816.03,4.87E-06,,,,,,,,,,,,,,,,
,,,,,,,,,,,,,,,,,816.03,4.87E-06,,,,,,,,,,,,,,,,
,,,,,,,,,,,,,,,,,819.84,4.87E-06,,,,,,,,,,,,,,,,
,,,,,,,,,,,,,,,,,819.84,4.85E-06,,,,,,,,,,,,,,,,
,,,,,,,,,,,,,,,,,823.65,4.85E-06,,,,,,,,,,,,,,,,
,,,,,,,,,,,,,,,,,823.65,4.83E-06,,,,,,,,,,,,,,,,
,,,,,,,,,,,,,,,,,827.47,4.83E-06,,,,,,,,,,,,,,,,
,,,,,,,,,,,,,,,,,827.47,4.78E-06,,,,,,,,,,,,,,,,
,,,,,,,,,,,,,,,,,831.28,4.78E-06,,,,,,,,,,,,,,,,
,,,,,,,,,,,,,,,,,831.28,4.69E-06,,,,,,,,,,,,,,,,
,,,,,,,,,,,,,,,,,835.10,4.69E-06,,,,,,,,,,,,,,,,
,,,,,,,,,,,,,,,,,835.10,4.56E-06,,,,,,,,,,,,,,,,
,,,,,,,,,,,,,,,,,838.91,4.56E-06,,,,,,,,,,,,,,,,
,,,,,,,,,,,,,,,,,838.91,4.36E-06,,,,,,,,,,,,,,,,
,,,,,,,,,,,,,,,,,842.72,4.36E-06,,,,,,,,,,,,,,,,
,,,,,,,,,,,,,,,,,842.72,4.10E-06,,,,,,,,,,,,,,,,
,,,,,,,,,,,,,,,,,846.54,4.10E-06,,,,,,,,,,,,,,,,
,,,,,,,,,,,,,,,,,846.54,3.76E-06,,,,,,,,,,,,,,,,
,,,,,,,,,,,,,,,,,850.35,3.76E-06,,,,,,,,,,,,,,,,
,,,,,,,,,,,,,,,,,850.35,3.38E-06,,,,,,,,,,,,,,,,
,,,,,,,,,,,,,,,,,854.16,3.38E-06,,,,,,,,,,,,,,,,
,,,,,,,,,,,,,,,,,854.16,3.06E-06,,,,,,,,,,,,,,,,
,,,,,,,,,,,,,,,,,856.07,3.06E-06,,,,,,,,,,,,,,,,
,,,,,,,,,,,,,,,,,856.07,2.90E-06,,,,,,,,,,,,,,,,
,,,,,,,,,,,,,,,,,857.09,2.90E-06,,,,,,,,,,,,,,,,
,,,,,,,,,,,,,,,,,857.09,2.73E-06,,,,,,,,,,,,,,,,
,,,,,,,,,,,,,,,,,859.14,2.73E-06,,,,,,,,,,,,,,,,
,,,,,,,,,,,,,,,,,859.14,2.51E-06,,,,,,,,,,,,,,,,
,,,,,,,,,,,,,,,,,861.18,2.51E-06,,,,,,,,,,,,,,,,
,,,,,,,,,,,,,,,,,861.18,2.30E-06,,,,,,,,,,,,,,,,
,,,,,,,,,,,,,,,,,863.23,2.30E-06,,,,,,,,,,,,,,,,
,,,,,,,,,,,,,,,,,863.23,2.10E-06,,,,,,,,,,,,,,,,
,,,,,,,,,,,,,,,,,865.27,2.10E-06,,,,,,,,,,,,,,,,
,,,,,,,,,,,,,,,,,865.27,1.92E-06,,,,,,,,,,,,,,,,
,,,,,,,,,,,,,,,,,867.32,1.92E-06,,,,,,,,,,,,,,,,
,,,,,,,,,,,,,,,,,867.32,1.76E-06,,,,,,,,,,,,,,,,
,,,,,,,,,,,,,,,,,869.36,1.76E-06,,,,,,,,,,,,,,,,
,,,,,,,,,,,,,,,,,869.36,1.61E-06,,,,,,,,,,,,,,,,
,,,,,,,,,,,,,,,,,871.41,1.61E-06,,,,,,,,,,,,,,,,
,,,,,,,,,,,,,,,,,871.41,1.49E-06,,,,,,,,,,,,,,,,
,,,,,,,,,,,,,,,,,873.46,1.49E-06,,,,,,,,,,,,,,,,
,,,,,,,,,,,,,,,,,873.46,1.39E-06,,,,,,,,,,,,,,,,
,,,,,,,,,,,,,,,,,875.50,1.39E-06,,,,,,,,,,,,,,,,
,,,,,,,,,,,,,,,,,875.50,1.30E-06,,,,,,,,,,,,,,,,
,,,,,,,,,,,,,,,,,877.55,1.30E-06,,,,,,,,,,,,,,,,
,,,,,,,,,,,,,,,,,877.55,1.24E-06,,,,,,,,,,,,,,,,
,,,,,,,,,,,,,,,,,879.59,1.24E-06,,,,,,,,,,,,,,,,
,,,,,,,,,,,,,,,,,879.59,1.18E-06,,,,,,,,,,,,,,,,
,,,,,,,,,,,,,,,,,881.64,1.18E-06,,,,,,,,,,,,,,,,
,,,,,,,,,,,,,,,,,881.64,1.14E-06,,,,,,,,,,,,,,,,
,,,,,,,,,,,,,,,,,883.68,1.14E-06,,,,,,,,,,,,,,,,
,,,,,,,,,,,,,,,,,883.68,1.11E-06,,,,,,,,,,,,,,,,
,,,,,,,,,,,,,,,,,885.73,1.11E-06,,,,,,,,,,,,,,,,
,,,,,,,,,,,,,,,,,885.73,1.09E-06,,,,,,,,,,,,,,,,
,,,,,,,,,,,,,,,,,887.77,1.09E-06,,,,,,,,,,,,,,,,
,,,,,,,,,,,,,,,,,887.77,1.07E-06,,,,,,,,,,,,,,,,
,,,,,,,,,,,,,,,,,889.82,1.07E-06,,,,,,,,,,,,,,,,
,,,,,,,,,,,,,,,,,889.82,1.06E-06,,,,,,,,,,,,,,,,
,,,,,,,,,,,,,,,,,891.86,1.06E-06,,,,,,,,,,,,,,,,
,,,,,,,,,,,,,,,,,891.86,1.05E-06,,,,,,,,,,,,,,,,
,,,,,,,,,,,,,,,,,893.91,1.05E-06,,,,,,,,,,,,,,,,
,,,,,,,,,,,,,,,,,893.91,1.05E-06,,,,,,,,,,,,,,,,
,,,,,,,,,,,,,,,,,895.96,1.05E-06,,,,,,,,,,,,,,,,
,,,,,,,,,,,,,,,,,895.96,1.10E-06,,,,,,,,,,,,,,,,
,,,,,,,,,,,,,,,,,898.00,1.10E-06,,,,,,,,,,,,,,,,
,,,,,,,,,,,,,,,,,898.00,1.42E-06,,,,,,,,,,,,,,,,
,,,,,,,,,,,,,,,,,900.05,1.42E-06,,,,,,,,,,,,,,,,
,,,,,,,,,,,,,,,,,900.05,1.96E-06,,,,,,,,,,,,,,,,
,,,,,,,,,,,,,,,,,901.07,1.96E-06,,,,,,,,,,,,,,,,
,,,,,,,,,,,,,,,,,901.07,2.23E-06,,,,,,,,,,,,,,,,
,,,,,,,,,,,,,,,,,901.34,2.23E-06,,,,,,,,,,,,,,,,
,,,,,,,,,,,,,,,,,901.34,2.34E-06,,,,,,,,,,,,,,,,
,,,,,,,,,,,,,,,,,901.62,2.34E-06,,,,,,,,,,,,,,,,
,,,,,,,,,,,,,,,,,901.62,2.46E-06,,,,,,,,,,,,,,,,
,,,,,,,,,,,,,,,,,901.91,2.46E-06,,,,,,,,,,,,,,,,
,,,,,,,,,,,,,,,,,901.91,2.57E-06,,,,,,,,,,,,,,,,
,,,,,,,,,,,,,,,,,902.22,2.57E-06,,,,,,,,,,,,,,,,
,,,,,,,,,,,,,,,,,902.22,2.69E-06,,,,,,,,,,,,,,,,
,,,,,,,,,,,,,,,,,902.55,2.69E-06,,,,,,,,,,,,,,,,
,,,,,,,,,,,,,,,,,902.55,2.81E-06,,,,,,,,,,,,,,,,
,,,,,,,,,,,,,,,,,902.91,2.81E-06,,,,,,,,,,,,,,,,
,,,,,,,,,,,,,,,,,902.91,2.92E-06,,,,,,,,,,,,,,,,
,,,,,,,,,,,,,,,,,903.34,2.92E-06,,,,,,,,,,,,,,,,
,,,,,,,,,,,,,,,,,903.34,3.03E-06,,,,,,,,,,,,,,,,
,,,,,,,,,,,,,,,,,903.86,3.03E-06,,,,,,,,,,,,,,,,
,,,,,,,,,,,,,,,,,903.86,3.13E-06,,,,,,,,,,,,,,,,
,,,,,,,,,,,,,,,,,904.57,3.13E-06,,,,,,,,,,,,,,,,
,,,,,,,,,,,,,,,,,904.57,3.23E-06,,,,,,,,,,,,,,,,
,,,,,,,,,,,,,,,,,905.86,3.23E-06,,,,,,,,,,,,,,,,
,,,,,,,,,,,,,,,,,905.86,3.29E-06,,,,,,,,,,,,,,,,
,,,,,,,,,,,,,,,,,907.58,3.29E-06,,,,,,,,,,,,,,,,
,,,,,,,,,,,,,,,,,907.58,3.30E-06,,,,,,,,,,,,,,,,
,,,,,,,,,,,,,,,,,914.56,3.30E-06,,,,,,,,,,,,,,,,
,,,,,,,,,,,,,,,,,914.56,3.30E-06,,,,,,,,,,,,,,,,
,,,,,,,,,,,,,,,,,916.28,3.30E-06,,,,,,,,,,,,,,,,
,,,,,,,,,,,,,,,,,916.28,3.26E-06,,,,,,,,,,,,,,,,
,,,,,,,,,,,,,,,,,917.56,3.26E-06,,,,,,,,,,,,,,,,
,,,,,,,,,,,,,,,,,917.56,3.21E-06,,,,,,,,,,,,,,,,
,,,,,,,,,,,,,,,,,918.28,3.21E-06,,,,,,,,,,,,,,,,
,,,,,,,,,,,,,,,,,918.28,3.15E-06,,,,,,,,,,,,,,,,
,,,,,,,,,,,,,,,,,918.80,3.15E-06,,,,,,,,,,,,,,,,
,,,,,,,,,,,,,,,,,918.80,3.09E-06,,,,,,,,,,,,,,,,
,,,,,,,,,,,,,,,,,919.22,3.09E-06,,,,,,,,,,,,,,,,
,,,,,,,,,,,,,,,,,919.22,3.03E-06,,,,,,,,,,,,,,,,
,,,,,,,,,,,,,,,,,919.59,3.03E-06,,,,,,,,,,,,,,,,
,,,,,,,,,,,,,,,,,919.59,2.97E-06,,,,,,,,,,,,,,,,
,,,,,,,,,,,,,,,,,919.92,2.97E-06,,,,,,,,,,,,,,,,
,,,,,,,,,,,,,,,,,919.92,2.91E-06,,,,,,,,,,,,,,,,
,,,,,,,,,,,,,,,,,920.23,2.91E-06,,,,,,,,,,,,,,,,
,,,,,,,,,,,,,,,,,920.23,2.84E-06,,,,,,,,,,,,,,,,
,,,,,,,,,,,,,,,,,920.52,2.84E-06,,,,,,,,,,,,,,,,
,,,,,,,,,,,,,,,,,920.52,2.78E-06,,,,,,,,,,,,,,,,
,,,,,,,,,,,,,,,,,920.79,2.78E-06,,,,,,,,,,,,,,,,
,,,,,,,,,,,,,,,,,920.79,2.72E-06,,,,,,,,,,,,,,,,
,,,,,,,,,,,,,,,,,921.07,2.72E-06,,,,,,,,,,,,,,,,
,,,,,,,,,,,,,,,,,921.07,2.65E-06,,,,,,,,,,,,,,,,
,,,,,,,,,,,,,,,,,921.34,2.65E-06,,,,,,,,,,,,,,,,
,,,,,,,,,,,,,,,,,921.34,2.59E-06,,,,,,,,,,,,,,,,
,,,,,,,,,,,,,,,,,921.62,2.59E-06,,,,,,,,,,,,,,,,
,,,,,,,,,,,,,,,,,921.62,2.53E-06,,,,,,,,,,,,,,,,
,,,,,,,,,,,,,,,,,921.91,2.53E-06,,,,,,,,,,,,,,,,
,,,,,,,,,,,,,,,,,921.91,2.46E-06,,,,,,,,,,,,,,,,
,,,,,,,,,,,,,,,,,922.22,2.46E-06,,,,,,,,,,,,,,,,
,,,,,,,,,,,,,,,,,922.22,2.40E-06,,,,,,,,,,,,,,,,
,,,,,,,,,,,,,,,,,922.55,2.40E-06,,,,,,,,,,,,,,,,
,,,,,,,,,,,,,,,,,922.55,2.34E-06,,,,,,,,,,,,,,,,
,,,,,,,,,,,,,,,,,922.91,2.34E-06,,,,,,,,,,,,,,,,
,,,,,,,,,,,,,,,,,922.91,2.28E-06,,,,,,,,,,,,,,,,
,,,,,,,,,,,,,,,,,923.34,2.28E-06,,,,,,,,,,,,,,,,
,,,,,,,,,,,,,,,,,923.34,2.22E-06,,,,,,,,,,,,,,,,
,,,,,,,,,,,,,,,,,923.86,2.22E-06,,,,,,,,,,,,,,,,
,,,,,,,,,,,,,,,,,923.86,2.16E-06,,,,,,,,,,,,,,,,
,,,,,,,,,,,,,,,,,924.57,2.16E-06,,,,,,,,,,,,,,,,
,,,,,,,,,,,,,,,,,924.57,2.11E-06,,,,,,,,,,,,,,,,
,,,,,,,,,,,,,,,,,925.86,2.11E-06,,,,,,,,,,,,,,,,
,,,,,,,,,,,,,,,,,925.86,2.07E-06,,,,,,,,,,,,,,,,
,,,,,,,,,,,,,,,,,927.58,2.07E-06,,,,,,,,,,,,,,,,
,,,,,,,,,,,,,,,,,927.58,2.07E-06,,,,,,,,,,,,,,,,
,,,,,,,,,,,,,,,,,1027.58,2.07E-06,,,,,,,,,,,,,,,,
,,,,,,,,,,,,,,,,,,,,,,,,,,,,,,,,,,
,,,,,,,,,,,,,,,,,,,,,,,,,,,,,,,,,,
,,,,,,,,,,,,,,,,,,,,,,,,,,,,,,,,,,
,,,,,,,,,,,,,,,,,,,,,,,,,,,,,,,,,,
,,,,,,,,,,,,,,,,,,,,,,,,,,,,,,,,,,
,,,,,,,,,,,,,,,,,,,,,,,,,,,,,,,,,,
,,,,,,,,,,,,,,,,,,,,,,,,,,,,,,,,,,
,,,,,,,,,,,,,,,,,,,,,,,,,,,,,,,,,,
,,,,,,,,,,,,,,,,,,,,,,,,,,,,,,,,,,
,,,,,,,,,,,,,,,,,,,,,,,,,,,,,,,,,,
,,,,,,,,,,,,,,,,,,,,,,,,,,,,,,,,,,
,,,,,,,,,,,,,,,,,,,,,,,,,,,,,,,,,,
,,,,,,,,,,,,,,,,,,,,,,,,,,,,,,,,,,
,,,,,,,,,,,,,,,,,,,,,,,,,,,,,,,,,,
,,,,,,,,,,,,,,,,,,,,,,,,,,,,,,,,,,
,,,,,,,,,,,,,,,,,,,,,,,,,,,,,,,,,,
,,,,,,,,,,,,,,,,,,,,,,,,,,,,,,,,,,
,,,,,,,,,,,,,,,,,,,,,,,,,,,,,,,,,,
,,,,,,,,,,,,,,,,,,,,,,,,,,,,,,,,,,
,,,,,,,,,,,,,,,,,,,,,,,,,,,,,,,,,,
,,,,,,,,,,,,,,,,,,,,,,,,,,,,,,,,,,
,,,,,,,,,,,,,,,,,,,,,,,,,,,,,,,,,,
,,,,,,,,,,,,,,,,,,,,,,,,,,,,,,,,,,
,,,,,,,,,,,,,,,,,,,,,,,,,,,,,,,,,,
,,,,,,,,,,,,,,,,,,,,,,,,,,,,,,,,,,
,,,,,,,,,,,,,,,,,,,,,,,,,,,,,,,,,,
,,,,,,,,,,,,,,,,,,,,,,,,,,,,,,,,,,
,,,,,,,,,,,,,,,,,,,,,,,,,,,,,,,,,,
,,,,,,,,,,,,,,,,,,,,,,,,,,,,,,,,,,
,,,,,,,,,,,,,,,,,,,,,,,,,,,,,,,,,,
,,,,,,,,,,,,,,,,,,,,,,,,,,,,,,,,,,
,,,,,,,,,,,,,,,,,,,,,,,,,,,,,,,,,,
,,,,,,,,,,,,,,,,,,,,,,,,,,,,,,,,,,
,,,,,,,,,,,,,,,,,,,,,,,,,,,,,,,,,,
,,,,,,,,,,,,,,,,,,,,,,,,,,,,,,,,,,
,,,,,,,,,,,,,,,,,,,,,,,,,,,,,,,,,,
,,,,,,,,,,,,,,,,,,,,,,,,,,,,,,,,,,
,,,,,,,,,,,,,,,,,,,,,,,,,,,,,,,,,,
,,,,,,,,,,,,,,,,,,,,,,,,,,,,,,,,,,
,,,,,,,,,,,,,,,,,,,,,,,,,,,,,,,,,,
,,,,,,,,,,,,,,,,,,,,,,,,,,,,,,,,,,
,,,,,,,,,,,,,,,,,,,,,,,,,,,,,,,,,,
,,,,,,,,,,,,,,,,,,,,,,,,,,,,,,,,,,
,,,,,,,,,,,,,,,,,,,,,,,,,,,,,,,,,,
,,,,,,,,,,,,,,,,,,,,,,,,,,,,,,,,,,
,,,,,,,,,,,,,,,,,,,,,,,,,,,,,,,,,,
,,,,,,,,,,,,,,,,,,,,,,,,,,,,,,,,,,
,,,,,,,,,,,,,,,,,,,,,,,,,,,,,,,,,,
,,,,,,,,,,,,,,,,,,,,,,,,,,,,,,,,,,
,,,,,,,,,,,,,,,,,,,,,,,,,,,,,,,,,,
,,,,,,,,,,,,,,,,,,,,,,,,,,,,,,,,,,
,,,,,,,,,,,,,,,,,,,,,,,,,,,,,,,,,,
,,,,,,,,,,,,,,,,,,,,,,,,,,,,,,,,,,
,,,,,,,,,,,,,,,,,,,,,,,,,,,,,,,,,,
,,,,,,,,,,,,,,,,,,,,,,,,,,,,,,,,,,
,,,,,,,,,,,,,,,,,,,,,,,,,,,,,,,,,,
,,,,,,,,,,,,,,,,,,,,,,,,,,,,,,,,,,
,,,,,,,,,,,,,,,,,,,,,,,,,,,,,,,,,,
,,,,,,,,,,,,,,,,,,,,,,,,,,,,,,,,,,
,,,,,,,,,,,,,,,,,,,,,,,,,,,,,,,,,,
,,,,,,,,,,,,,,,,,,,,,,,,,,,,,,,,,,
,,,,,,,,,,,,,,,,,,,,,,,,,,,,,,,,,,
,,,,,,,,,,,,,,,,,,,,,,,,,,,,,,,,,,
,,,,,,,,,,,,,,,,,,,,,,,,,,,,,,,,,,
,,,,,,,,,,,,,,,,,,,,,,,,,,,,,,,,,,
,,,,,,,,,,,,,,,,,,,,,,,,,,,,,,,,,,
,,,,,,,,,,,,,,,,,,,,,,,,,,,,,,,,,,
,,,,,,,,,,,,,,,,,,,,,,,,,,,,,,,,,,
,,,,,,,,,,,,,,,,,,,,,,,,,,,,,,,,,,
,,,,,,,,,,,,,,,,,,,,,,,,,,,,,,,,,,
,,,,,,,,,,,,,,,,,,,,,,,,,,,,,,,,,,
,,,,,,,,,,,,,,,,,,,,,,,,,,,,,,,,,,
,,,,,,,,,,,,,,,,,,,,,,,,,,,,,,,,,,
,,,,,,,,,,,,,,,,,,,,,,,,,,,,,,,,,,
,,,,,,,,,,,,,,,,,,,,,,,,,,,,,,,,,,
,,,,,,,,,,,,,,,,,,,,,,,,,,,,,,,,,,
,,,,,,,,,,,,,,,,,,,,,,,,,,,,,,,,,,
,,,,,,,,,,,,,,,,,,,,,,,,,,,,,,,,,,
,,,,,,,,,,,,,,,,,,,,,,,,,,,,,,,,,,
,,,,,,,,,,,,,,,,,,,,,,,,,,,,,,,,,,
,,,,,,,,,,,,,,,,,,,,,,,,,,,,,,,,,,
,,,,,,,,,,,,,,,,,,,,,,,,,,,,,,,,,,
,,,,,,,,,,,,,,,,,,,,,,,,,,,,,,,,,,
,,,,,,,,,,,,,,,,,,,,,,,,,,,,,,,,,,
,,,,,,,,,,,,,,,,,,,,,,,,,,,,,,,,,,
,,,,,,,,,,,,,,,,,,,,,,,,,,,,,,,,,,
,,,,,,,,,,,,,,,,,,,,,,,,,,,,,,,,,,
,,,,,,,,,,,,,,,,,,,,,,,,,,,,,,,,,,
,,,,,,,,,,,,,,,,,,,,,,,,,,,,,,,,,,
,,,,,,,,,,,,,,,,,,,,,,,,,,,,,,,,,,
,,,,,,,,,,,,,,,,,,,,,,,,,,,,,,,,,,
,,,,,,,,,,,,,,,,,,,,,,,,,,,,,,,,,,
,,,,,,,,,,,,,,,,,,,,,,,,,,,,,,,,,,
,,,,,,,,,,,,,,,,,,,,,,,,,,,,,,,,,,
,,,,,,,,,,,,,,,,,,,,,,,,,,,,,,,,,,
,,,,,,,,,,,,,,,,,,,,,,,,,,,,,,,,,,
,,,,,,,,,,,,,,,,,,,,,,,,,,,,,,,,,,
,,,,,,,,,,,,,,,,,,,,,,,,,,,,,,,,,,
,,,,,,,,,,,,,,,,,,,,,,,,,,,,,,,,,,
,,,,,,,,,,,,,,,,,,,,,,,,,,,,,,,,,,
,,,,,,,,,,,,,,,,,,,,,,,,,,,,,,,,,,
,,,,,,,,,,,,,,,,,,,,,,,,,,,,,,,,,,
,,,,,,,,,,,,,,,,,,,,,,,,,,,,,,,,,,
,,,,,,,,,,,,,,,,,,,,,,,,,,,,,,,,,,
,,,,,,,,,,,,,,,,,,,,,,,,,,,,,,,,,,
,,,,,,,,,,,,,,,,,,,,,,,,,,,,,,,,,,
,,,,,,,,,,,,,,,,,,,,,,,,,,,,,,,,,,
,,,,,,,,,,,,,,,,,,,,,,,,,,,,,,,,,,
,,,,,,,,,,,,,,,,,,,,,,,,,,,,,,,,,,
,,,,,,,,,,,,,,,,,,,,,,,,,,,,,,,,,,
,,,,,,,,,,,,,,,,,,,,,,,,,,,,,,,,,,
,,,,,,,,,,,,,,,,,,,,,,,,,,,,,,,,,,
,,,,,,,,,,,,,,,,,,,,,,,,,,,,,,,,,,
,,,,,,,,,,,,,,,,,,,,,,,,,,,,,,,,,,
,,,,,,,,,,,,,,,,,,,,,,,,,,,,,,,,,,
,,,,,,,,,,,,,,,,,,,,,,,,,,,,,,,,,,
,,,,,,,,,,,,,,,,,,,,,,,,,,,,,,,,,,
,,,,,,,,,,,,,,,,,,,,,,,,,,,,,,,,,,
,,,,,,,,,,,,,,,,,,,,,,,,,,,,,,,,,,
,,,,,,,,,,,,,,,,,,,,,,,,,,,,,,,,,,
,,,,,,,,,,,,,,,,,,,,,,,,,,,,,,,,,,
,,,,,,,,,,,,,,,,,,,,,,,,,,,,,,,,,,
,,,,,,,,,,,,,,,,,,,,,,,,,,,,,,,,,,
,,,,,,,,,,,,,,,,,,,,,,,,,,,,,,,,,,
,,,,,,,,,,,,,,,,,,,,,,,,,,,,,,,,,,
,,,,,,,,,,,,,,,,,,,,,,,,,,,,,,,,,,
,,,,,,,,,,,,,,,,,,,,,,,,,,,,,,,,,,
,,,,,,,,,,,,,,,,,,,,,,,,,,,,,,,,,,
,,,,,,,,,,,,,,,,,,,,,,,,,,,,,,,,,,
,,,,,,,,,,,,,,,,,,,,,,,,,,,,,,,,,,
,,,,,,,,,,,,,,,,,,,,,,,,,,,,,,,,,,
,,,,,,,,,,,,,,,,,,,,,,,,,,,,,,,,,,
,,,,,,,,,,,,,,,,,,,,,,,,,,,,,,,,,,
,,,,,,,,,,,,,,,,,,,,,,,,,,,,,,,,,,
,,,,,,,,,,,,,,,,,,,,,,,,,,,,,,,,,,
,,,,,,,,,,,,,,,,,,,,,,,,,,,,,,,,,,
,,,,,,,,,,,,,,,,,,,,,,,,,,,,,,,,,,
,,,,,,,,,,,,,,,,,,,,,,,,,,,,,,,,,,
,,,,,,,,,,,,,,,,,,,,,,,,,,,,,,,,,,
,,,,,,,,,,,,,,,,,,,,,,,,,,,,,,,,,,
,,,,,,,,,,,,,,,,,,,,,,,,,,,,,,,,,,
,,,,,,,,,,,,,,,,,,,,,,,,,,,,,,,,,,
,,,,,,,,,,,,,,,,,,,,,,,,,,,,,,,,,,
,,,,,,,,,,,,,,,,,,,,,,,,,,,,,,,,,,
,,,,,,,,,,,,,,,,,,,,,,,,,,,,,,,,,,
,,,,,,,,,,,,,,,,,,,,,,,,,,,,,,,,,,
,,,,,,,,,,,,,,,,,,,,,,,,,,,,,,,,,,
,,,,,,,,,,,,,,,,,,,,,,,,,,,,,,,,,,
,,,,,,,,,,,,,,,,,,,,,,,,,,,,,,,,,,
,,,,,,,,,,,,,,,,,,,,,,,,,,,,,,,,,,
,,,,,,,,,,,,,,,,,,,,,,,,,,,,,,,,,,
,,,,,,,,,,,,,,,,,,,,,,,,,,,,,,,,,,
,,,,,,,,,,,,,,,,,,,,,,,,,,,,,,,,,,
,,,,,,,,,,,,,,,,,,,,,,,,,,,,,,,,,,
,,,,,,,,,,,,,,,,,,,,,,,,,,,,,,,,,,
,,,,,,,,,,,,,,,,,,,,,,,,,,,,,,,,,,
,,,,,,,,,,,,,,,,,,,,,,,,,,,,,,,,,,
,,,,,,,,,,,,,,,,,,,,,,,,,,,,,,,,,,
,,,,,,,,,,,,,,,,,,,,,,,,,,,,,,,,,,
,,,,,,,,,,,,,,,,,,,,,,,,,,,,,,,,,,
,,,,,,,,,,,,,,,,,,,,,,,,,,,,,,,,,,
,,,,,,,,,,,,,,,,,,,,,,,,,,,,,,,,,,
,,,,,,,,,,,,,,,,,,,,,,,,,,,,,,,,,,
,,,,,,,,,,,,,,,,,,,,,,,,,,,,,,,,,,
,,,,,,,,,,,,,,,,,,,,,,,,,,,,,,,,,,
,,,,,,,,,,,,,,,,,,,,,,,,,,,,,,,,,,
,,,,,,,,,,,,,,,,,,,,,,,,,,,,,,,,,,
,,,,,,,,,,,,,,,,,,,,,,,,,,,,,,,,,,
,,,,,,,,,,,,,,,,,,,,,,,,,,,,,,,,,,
,,,,,,,,,,,,,,,,,,,,,,,,,,,,,,,,,,
,,,,,,,,,,,,,,,,,,,,,,,,,,,,,,,,,,
,,,,,,,,,,,,,,,,,,,,,,,,,,,,,,,,,,
,,,,,,,,,,,,,,,,,,,,,,,,,,,,,,,,,,
,,,,,,,,,,,,,,,,,,,,,,,,,,,,,,,,,,
,,,,,,,,,,,,,,,,,,,,,,,,,,,,,,,,,,
,,,,,,,,,,,,,,,,,,,,,,,,,,,,,,,,,,
,,,,,,,,,,,,,,,,,,,,,,,,,,,,,,,,,,
,,,,,,,,,,,,,,,,,,,,,,,,,,,,,,,,,,
,,,,,,,,,,,,,,,,,,,,,,,,,,,,,,,,,,
,,,,,,,,,,,,,,,,,,,,,,,,,,,,,,,,,,
,,,,,,,,,,,,,,,,,,,,,,,,,,,,,,,,,,
,,,,,,,,,,,,,,,,,,,,,,,,,,,,,,,,,,
,,,,,,,,,,,,,,,,,,,,,,,,,,,,,,,,,,
,,,,,,,,,,,,,,,,,,,,,,,,,,,,,,,,,,
,,,,,,,,,,,,,,,,,,,,,,,,,,,,,,,,,,
,,,,,,,,,,,,,,,,,,,,,,,,,,,,,,,,,,
